This is pdfTeX, Version 3.141592653-2.6-1.40.25 (TeX Live 2023/Debian) (preloaded format=pdflatex 2024.10.23)  28 JUL 2026 17:56
entering extended mode
 restricted \write18 enabled.
 file:line:error style messages enabled.
 %&-line parsing enabled.
**/home/gr/Git/RG/RG-slides.tex
(/home/gr/Git/RG/RG-slides.tex
LaTeX2e <2023-11-01> patch level 1
L3 programming layer <2024-01-22>
(/usr/share/texlive/texmf-dist/tex/latex/base/report.cls
Document Class: report 2023/05/17 v1.4n Standard LaTeX document class
(/usr/share/texlive/texmf-dist/tex/latex/base/size11.clo
File: size11.clo 2023/05/17 v1.4n Standard LaTeX file (size option)
)
\c@part=\count187
\c@chapter=\count188
\c@section=\count189
\c@subsection=\count190
\c@subsubsection=\count191
\c@paragraph=\count192
\c@subparagraph=\count193
\c@figure=\count194
\c@table=\count195
\abovecaptionskip=\skip48
\belowcaptionskip=\skip49
\bibindent=\dimen140
) (/usr/share/texlive/texmf-dist/tex/latex/float/float.sty
Package: float 2001/11/08 v1.3d Float enhancements (AL)
\c@float@type=\count196
\float@exts=\toks17
\float@box=\box51
\@float@everytoks=\toks18
\@floatcapt=\box52
) (/usr/share/texlive/texmf-dist/tex/latex/captdef/captdef.sty
Package: captdef 1998/12/17 non-floating captions
) (/usr/share/texlive/texmf-dist/tex/latex/tools/multicol.sty
Package: multicol 2023/03/30 v1.9f multicolumn formatting (FMi)
\c@tracingmulticols=\count197
\mult@box=\box53
\multicol@leftmargin=\dimen141
\c@unbalance=\count198
\c@collectmore=\count199
\doublecol@number=\count266
\multicoltolerance=\count267
\multicolpretolerance=\count268
\full@width=\dimen142
\page@free=\dimen143
\premulticols=\dimen144
\postmulticols=\dimen145
\multicolsep=\skip50
\multicolbaselineskip=\skip51
\partial@page=\box54
\last@line=\box55
\mc@boxedresult=\box56
\maxbalancingoverflow=\dimen146
\mult@rightbox=\box57
\mult@grightbox=\box58
\mult@firstbox=\box59
\mult@gfirstbox=\box60
\@tempa=\box61
\@tempa=\box62
\@tempa=\box63
\@tempa=\box64
\@tempa=\box65
\@tempa=\box66
\@tempa=\box67
\@tempa=\box68
\@tempa=\box69
\@tempa=\box70
\@tempa=\box71
\@tempa=\box72
\@tempa=\box73
\@tempa=\box74
\@tempa=\box75
\@tempa=\box76
\@tempa=\box77
\@tempa=\box78
\@tempa=\box79
\@tempa=\box80
\@tempa=\box81
\@tempa=\box82
\@tempa=\box83
\@tempa=\box84
\@tempa=\box85
\@tempa=\box86
\@tempa=\box87
\@tempa=\box88
\@tempa=\box89
\@tempa=\box90
\@tempa=\box91
\@tempa=\box92
\@tempa=\box93
\@tempa=\box94
\@tempa=\box95
\@tempa=\box96
\c@minrows=\count269
\c@columnbadness=\count270
\c@finalcolumnbadness=\count271
\last@try=\dimen147
\multicolovershoot=\dimen148
\multicolundershoot=\dimen149
\mult@nat@firstbox=\box97
\colbreak@box=\box98
\mc@col@check@num=\count272
) (/usr/share/texlive/texmf-dist/tex/latex/amsfonts/amssymb.sty
Package: amssymb 2013/01/14 v3.01 AMS font symbols
 (/usr/share/texlive/texmf-dist/tex/latex/amsfonts/amsfonts.sty
Package: amsfonts 2013/01/14 v3.01 Basic AMSFonts support
\@emptytoks=\toks19
\symAMSa=\mathgroup4
\symAMSb=\mathgroup5
LaTeX Font Info:    Redeclaring math symbol \hbar on input line 98.
LaTeX Font Info:    Overwriting math alphabet `\mathfrak' in version `bold'
(Font)                  U/euf/m/n --> U/euf/b/n on input line 106.
)) (/usr/share/texlive/texmf-dist/tex/latex/amsmath/amsmath.sty
Package: amsmath 2023/05/13 v2.17o AMS math features
\@mathmargin=\skip52

For additional information on amsmath, use the `?' option.
(/usr/share/texlive/texmf-dist/tex/latex/amsmath/amstext.sty
Package: amstext 2021/08/26 v2.01 AMS text
 (/usr/share/texlive/texmf-dist/tex/latex/amsmath/amsgen.sty
File: amsgen.sty 1999/11/30 v2.0 generic functions
\@emptytoks=\toks20
\ex@=\dimen150
)) (/usr/share/texlive/texmf-dist/tex/latex/amsmath/amsbsy.sty
Package: amsbsy 1999/11/29 v1.2d Bold Symbols
\pmbraise@=\dimen151
) (/usr/share/texlive/texmf-dist/tex/latex/amsmath/amsopn.sty
Package: amsopn 2022/04/08 v2.04 operator names
)
\inf@bad=\count273
LaTeX Info: Redefining \frac on input line 234.
\uproot@=\count274
\leftroot@=\count275
LaTeX Info: Redefining \overline on input line 399.
LaTeX Info: Redefining \colon on input line 410.
\classnum@=\count276
\DOTSCASE@=\count277
LaTeX Info: Redefining \ldots on input line 496.
LaTeX Info: Redefining \dots on input line 499.
LaTeX Info: Redefining \cdots on input line 620.
\Mathstrutbox@=\box99
\strutbox@=\box100
LaTeX Info: Redefining \big on input line 722.
LaTeX Info: Redefining \Big on input line 723.
LaTeX Info: Redefining \bigg on input line 724.
LaTeX Info: Redefining \Bigg on input line 725.
\big@size=\dimen152
LaTeX Font Info:    Redeclaring font encoding OML on input line 743.
LaTeX Font Info:    Redeclaring font encoding OMS on input line 744.
\macc@depth=\count278
LaTeX Info: Redefining \bmod on input line 905.
LaTeX Info: Redefining \pmod on input line 910.
LaTeX Info: Redefining \smash on input line 940.
LaTeX Info: Redefining \relbar on input line 970.
LaTeX Info: Redefining \Relbar on input line 971.
\c@MaxMatrixCols=\count279
\dotsspace@=\muskip16
\c@parentequation=\count280
\dspbrk@lvl=\count281
\tag@help=\toks21
\row@=\count282
\column@=\count283
\maxfields@=\count284
\andhelp@=\toks22
\eqnshift@=\dimen153
\alignsep@=\dimen154
\tagshift@=\dimen155
\tagwidth@=\dimen156
\totwidth@=\dimen157
\lineht@=\dimen158
\@envbody=\toks23
\multlinegap=\skip53
\multlinetaggap=\skip54
\mathdisplay@stack=\toks24
LaTeX Info: Redefining \[ on input line 2953.
LaTeX Info: Redefining \] on input line 2954.
) (/usr/share/texlive/texmf-dist/tex/latex/tcolorbox/tcolorbox.sty
Package: tcolorbox 2024/01/10 version 6.2.0 text color boxes
 (/usr/share/texlive/texmf-dist/tex/latex/pgf/basiclayer/pgf.sty (/usr/share/texlive/texmf-dist/tex/latex/pgf/utilities/pgfrcs.sty (/usr/share/texlive/texmf-dist/tex/generic/pgf/utilities/pgfutil-common.tex
\pgfutil@everybye=\toks25
\pgfutil@tempdima=\dimen159
\pgfutil@tempdimb=\dimen160
) (/usr/share/texlive/texmf-dist/tex/generic/pgf/utilities/pgfutil-latex.def
\pgfutil@abb=\box101
) (/usr/share/texlive/texmf-dist/tex/generic/pgf/utilities/pgfrcs.code.tex (/usr/share/texlive/texmf-dist/tex/generic/pgf/pgf.revision.tex)
Package: pgfrcs 2023-01-15 v3.1.10 (3.1.10)
))
Package: pgf 2023-01-15 v3.1.10 (3.1.10)
 (/usr/share/texlive/texmf-dist/tex/latex/pgf/basiclayer/pgfcore.sty (/usr/share/texlive/texmf-dist/tex/latex/graphics/graphicx.sty
Package: graphicx 2021/09/16 v1.2d Enhanced LaTeX Graphics (DPC,SPQR)
 (/usr/share/texlive/texmf-dist/tex/latex/graphics/keyval.sty
Package: keyval 2022/05/29 v1.15 key=value parser (DPC)
\KV@toks@=\toks26
) (/usr/share/texlive/texmf-dist/tex/latex/graphics/graphics.sty
Package: graphics 2022/03/10 v1.4e Standard LaTeX Graphics (DPC,SPQR)
 (/usr/share/texlive/texmf-dist/tex/latex/graphics/trig.sty
Package: trig 2021/08/11 v1.11 sin cos tan (DPC)
) (/usr/share/texlive/texmf-dist/tex/latex/graphics-cfg/graphics.cfg
File: graphics.cfg 2016/06/04 v1.11 sample graphics configuration
)
Package graphics Info: Driver file: pdftex.def on input line 107.
 (/usr/share/texlive/texmf-dist/tex/latex/graphics-def/pdftex.def
File: pdftex.def 2022/09/22 v1.2b Graphics/color driver for pdftex
))
\Gin@req@height=\dimen161
\Gin@req@width=\dimen162
) (/usr/share/texlive/texmf-dist/tex/latex/pgf/systemlayer/pgfsys.sty (/usr/share/texlive/texmf-dist/tex/generic/pgf/systemlayer/pgfsys.code.tex
Package: pgfsys 2023-01-15 v3.1.10 (3.1.10)
 (/usr/share/texlive/texmf-dist/tex/generic/pgf/utilities/pgfkeys.code.tex
\pgfkeys@pathtoks=\toks27
\pgfkeys@temptoks=\toks28
 (/usr/share/texlive/texmf-dist/tex/generic/pgf/utilities/pgfkeyslibraryfiltered.code.tex
\pgfkeys@tmptoks=\toks29
))
\pgf@x=\dimen163
\pgf@y=\dimen164
\pgf@xa=\dimen165
\pgf@ya=\dimen166
\pgf@xb=\dimen167
\pgf@yb=\dimen168
\pgf@xc=\dimen169
\pgf@yc=\dimen170
\pgf@xd=\dimen171
\pgf@yd=\dimen172
\w@pgf@writea=\write3
\r@pgf@reada=\read2
\c@pgf@counta=\count285
\c@pgf@countb=\count286
\c@pgf@countc=\count287
\c@pgf@countd=\count288
\t@pgf@toka=\toks30
\t@pgf@tokb=\toks31
\t@pgf@tokc=\toks32
\pgf@sys@id@count=\count289
 (/usr/share/texlive/texmf-dist/tex/generic/pgf/systemlayer/pgf.cfg
File: pgf.cfg 2023-01-15 v3.1.10 (3.1.10)
)
Driver file for pgf: pgfsys-pdftex.def
 (/usr/share/texlive/texmf-dist/tex/generic/pgf/systemlayer/pgfsys-pdftex.def
File: pgfsys-pdftex.def 2023-01-15 v3.1.10 (3.1.10)
 (/usr/share/texlive/texmf-dist/tex/generic/pgf/systemlayer/pgfsys-common-pdf.def
File: pgfsys-common-pdf.def 2023-01-15 v3.1.10 (3.1.10)
))) (/usr/share/texlive/texmf-dist/tex/generic/pgf/systemlayer/pgfsyssoftpath.code.tex
File: pgfsyssoftpath.code.tex 2023-01-15 v3.1.10 (3.1.10)
\pgfsyssoftpath@smallbuffer@items=\count290
\pgfsyssoftpath@bigbuffer@items=\count291
) (/usr/share/texlive/texmf-dist/tex/generic/pgf/systemlayer/pgfsysprotocol.code.tex
File: pgfsysprotocol.code.tex 2023-01-15 v3.1.10 (3.1.10)
)) (/usr/share/texlive/texmf-dist/tex/latex/xcolor/xcolor.sty
Package: xcolor 2023/11/15 v3.01 LaTeX color extensions (UK)
 (/usr/share/texlive/texmf-dist/tex/latex/graphics-cfg/color.cfg
File: color.cfg 2016/01/02 v1.6 sample color configuration
)
Package xcolor Info: Driver file: pdftex.def on input line 274.
 (/usr/share/texlive/texmf-dist/tex/latex/graphics/mathcolor.ltx)
Package xcolor Info: Model `cmy' substituted by `cmy0' on input line 1350.
Package xcolor Info: Model `hsb' substituted by `rgb' on input line 1354.
Package xcolor Info: Model `RGB' extended on input line 1366.
Package xcolor Info: Model `HTML' substituted by `rgb' on input line 1368.
Package xcolor Info: Model `Hsb' substituted by `hsb' on input line 1369.
Package xcolor Info: Model `tHsb' substituted by `hsb' on input line 1370.
Package xcolor Info: Model `HSB' substituted by `hsb' on input line 1371.
Package xcolor Info: Model `Gray' substituted by `gray' on input line 1372.
Package xcolor Info: Model `wave' substituted by `hsb' on input line 1373.
) (/usr/share/texlive/texmf-dist/tex/generic/pgf/basiclayer/pgfcore.code.tex
Package: pgfcore 2023-01-15 v3.1.10 (3.1.10)
 (/usr/share/texlive/texmf-dist/tex/generic/pgf/math/pgfmath.code.tex (/usr/share/texlive/texmf-dist/tex/generic/pgf/math/pgfmathutil.code.tex) (/usr/share/texlive/texmf-dist/tex/generic/pgf/math/pgfmathparser.code.tex
\pgfmath@dimen=\dimen173
\pgfmath@count=\count292
\pgfmath@box=\box102
\pgfmath@toks=\toks33
\pgfmath@stack@operand=\toks34
\pgfmath@stack@operation=\toks35
) (/usr/share/texlive/texmf-dist/tex/generic/pgf/math/pgfmathfunctions.code.tex) (/usr/share/texlive/texmf-dist/tex/generic/pgf/math/pgfmathfunctions.basic.code.tex) (/usr/share/texlive/texmf-dist/tex/generic/pgf/math/pgfmathfunctions.trigonometric.code.tex) (/usr/share/texlive/texmf-dist/tex/generic/pgf/math/pgfmathfunctions.random.code.tex) (/usr/share/texlive/texmf-dist/tex/generic/pgf/math/pgfmathfunctions.comparison.code.tex) (/usr/share/texlive/texmf-dist/tex/generic/pgf/math/pgfmathfunctions.base.code.tex) (/usr/share/texlive/texmf-dist/tex/generic/pgf/math/pgfmathfunctions.round.code.tex) (/usr/share/texlive/texmf-dist/tex/generic/pgf/math/pgfmathfunctions.misc.code.tex) (/usr/share/texlive/texmf-dist/tex/generic/pgf/math/pgfmathfunctions.integerarithmetics.code.tex) (/usr/share/texlive/texmf-dist/tex/generic/pgf/math/pgfmathcalc.code.tex) (/usr/share/texlive/texmf-dist/tex/generic/pgf/math/pgfmathfloat.code.tex
\c@pgfmathroundto@lastzeros=\count293
)) (/usr/share/texlive/texmf-dist/tex/generic/pgf/math/pgfint.code.tex) (/usr/share/texlive/texmf-dist/tex/generic/pgf/basiclayer/pgfcorepoints.code.tex
File: pgfcorepoints.code.tex 2023-01-15 v3.1.10 (3.1.10)
\pgf@picminx=\dimen174
\pgf@picmaxx=\dimen175
\pgf@picminy=\dimen176
\pgf@picmaxy=\dimen177
\pgf@pathminx=\dimen178
\pgf@pathmaxx=\dimen179
\pgf@pathminy=\dimen180
\pgf@pathmaxy=\dimen181
\pgf@xx=\dimen182
\pgf@xy=\dimen183
\pgf@yx=\dimen184
\pgf@yy=\dimen185
\pgf@zx=\dimen186
\pgf@zy=\dimen187
) (/usr/share/texlive/texmf-dist/tex/generic/pgf/basiclayer/pgfcorepathconstruct.code.tex
File: pgfcorepathconstruct.code.tex 2023-01-15 v3.1.10 (3.1.10)
\pgf@path@lastx=\dimen188
\pgf@path@lasty=\dimen189
) (/usr/share/texlive/texmf-dist/tex/generic/pgf/basiclayer/pgfcorepathusage.code.tex
File: pgfcorepathusage.code.tex 2023-01-15 v3.1.10 (3.1.10)
\pgf@shorten@end@additional=\dimen190
\pgf@shorten@start@additional=\dimen191
) (/usr/share/texlive/texmf-dist/tex/generic/pgf/basiclayer/pgfcorescopes.code.tex
File: pgfcorescopes.code.tex 2023-01-15 v3.1.10 (3.1.10)
\pgfpic=\box103
\pgf@hbox=\box104
\pgf@layerbox@main=\box105
\pgf@picture@serial@count=\count294
) (/usr/share/texlive/texmf-dist/tex/generic/pgf/basiclayer/pgfcoregraphicstate.code.tex
File: pgfcoregraphicstate.code.tex 2023-01-15 v3.1.10 (3.1.10)
\pgflinewidth=\dimen192
) (/usr/share/texlive/texmf-dist/tex/generic/pgf/basiclayer/pgfcoretransformations.code.tex
File: pgfcoretransformations.code.tex 2023-01-15 v3.1.10 (3.1.10)
\pgf@pt@x=\dimen193
\pgf@pt@y=\dimen194
\pgf@pt@temp=\dimen195
) (/usr/share/texlive/texmf-dist/tex/generic/pgf/basiclayer/pgfcorequick.code.tex
File: pgfcorequick.code.tex 2023-01-15 v3.1.10 (3.1.10)
) (/usr/share/texlive/texmf-dist/tex/generic/pgf/basiclayer/pgfcoreobjects.code.tex
File: pgfcoreobjects.code.tex 2023-01-15 v3.1.10 (3.1.10)
) (/usr/share/texlive/texmf-dist/tex/generic/pgf/basiclayer/pgfcorepathprocessing.code.tex
File: pgfcorepathprocessing.code.tex 2023-01-15 v3.1.10 (3.1.10)
) (/usr/share/texlive/texmf-dist/tex/generic/pgf/basiclayer/pgfcorearrows.code.tex
File: pgfcorearrows.code.tex 2023-01-15 v3.1.10 (3.1.10)
\pgfarrowsep=\dimen196
) (/usr/share/texlive/texmf-dist/tex/generic/pgf/basiclayer/pgfcoreshade.code.tex
File: pgfcoreshade.code.tex 2023-01-15 v3.1.10 (3.1.10)
\pgf@max=\dimen197
\pgf@sys@shading@range@num=\count295
\pgf@shadingcount=\count296
) (/usr/share/texlive/texmf-dist/tex/generic/pgf/basiclayer/pgfcoreimage.code.tex
File: pgfcoreimage.code.tex 2023-01-15 v3.1.10 (3.1.10)
) (/usr/share/texlive/texmf-dist/tex/generic/pgf/basiclayer/pgfcoreexternal.code.tex
File: pgfcoreexternal.code.tex 2023-01-15 v3.1.10 (3.1.10)
\pgfexternal@startupbox=\box106
) (/usr/share/texlive/texmf-dist/tex/generic/pgf/basiclayer/pgfcorelayers.code.tex
File: pgfcorelayers.code.tex 2023-01-15 v3.1.10 (3.1.10)
) (/usr/share/texlive/texmf-dist/tex/generic/pgf/basiclayer/pgfcoretransparency.code.tex
File: pgfcoretransparency.code.tex 2023-01-15 v3.1.10 (3.1.10)
) (/usr/share/texlive/texmf-dist/tex/generic/pgf/basiclayer/pgfcorepatterns.code.tex
File: pgfcorepatterns.code.tex 2023-01-15 v3.1.10 (3.1.10)
) (/usr/share/texlive/texmf-dist/tex/generic/pgf/basiclayer/pgfcorerdf.code.tex
File: pgfcorerdf.code.tex 2023-01-15 v3.1.10 (3.1.10)
))) (/usr/share/texlive/texmf-dist/tex/generic/pgf/modules/pgfmoduleshapes.code.tex
File: pgfmoduleshapes.code.tex 2023-01-15 v3.1.10 (3.1.10)
\pgfnodeparttextbox=\box107
) (/usr/share/texlive/texmf-dist/tex/generic/pgf/modules/pgfmoduleplot.code.tex
File: pgfmoduleplot.code.tex 2023-01-15 v3.1.10 (3.1.10)
) (/usr/share/texlive/texmf-dist/tex/latex/pgf/compatibility/pgfcomp-version-0-65.sty
Package: pgfcomp-version-0-65 2023-01-15 v3.1.10 (3.1.10)
\pgf@nodesepstart=\dimen198
\pgf@nodesepend=\dimen199
) (/usr/share/texlive/texmf-dist/tex/latex/pgf/compatibility/pgfcomp-version-1-18.sty
Package: pgfcomp-version-1-18 2023-01-15 v3.1.10 (3.1.10)
)) (/usr/share/texlive/texmf-dist/tex/latex/tools/verbatim.sty
Package: verbatim 2023-11-06 v1.5v LaTeX2e package for verbatim enhancements
\every@verbatim=\toks36
\verbatim@line=\toks37
\verbatim@in@stream=\read3
) (/usr/share/texlive/texmf-dist/tex/latex/environ/environ.sty
Package: environ 2014/05/04 v0.3 A new way to define environments
 (/usr/share/texlive/texmf-dist/tex/latex/trimspaces/trimspaces.sty
Package: trimspaces 2009/09/17 v1.1 Trim spaces around a token list
)) (/usr/share/texlive/texmf-dist/tex/latex/etoolbox/etoolbox.sty
Package: etoolbox 2020/10/05 v2.5k e-TeX tools for LaTeX (JAW)
\etb@tempcnta=\count297
)
\tcb@titlebox=\box108
\tcb@upperbox=\box109
\tcb@lowerbox=\box110
\tcb@phantombox=\box111
\c@tcbbreakpart=\count298
\c@tcblayer=\count299
\c@tcolorbox@number=\count300
\l__tcobox_tmpa_box=\box112
\l__tcobox_tmpa_dim=\dimen256
\tcb@temp=\box113
\tcb@temp=\box114
\tcb@temp=\box115
\tcb@temp=\box116
) (/usr/share/texlive/texmf-dist/tex/generic/babel/babel.sty
Package: babel 2024/01/07 v24.1 The Babel package
\babel@savecnt=\count301
\U@D=\dimen257
\l@unhyphenated=\language14
 (/usr/share/texlive/texmf-dist/tex/generic/babel/txtbabel.def)
\bbl@readstream=\read4
\bbl@dirlevel=\count302
 (/usr/share/texlive/texmf-dist/tex/generic/babel-spanish/spanish.ldf
Language: spanish.ldf 2021/05/27 v5.0q Spanish support from the babel system
\es@quottoks=\toks38
\es@quotdepth=\count303
Package babel Info: Making " an active character on input line 570.
Package babel Info: Making . an active character on input line 675.
Package babel Info: Making < an active character on input line 722.
Package babel Info: Making > an active character on input line 722.
)) (/usr/share/texlive/texmf-dist/tex/generic/babel/locale/es/babel-spanish.tex
Package babel Info: Importing font and identification data for spanish
(babel)             from babel-es.ini. Reported on input line 11.
) (/usr/share/texlive/texmf-dist/tex/latex/base/inputenc.sty
Package: inputenc 2021/02/14 v1.3d Input encoding file
\inpenc@prehook=\toks39
\inpenc@posthook=\toks40
) (/usr/share/texlive/texmf-dist/tex/latex/hyperref/hyperref.sty
Package: hyperref 2024-01-20 v7.01h Hypertext links for LaTeX
 (/usr/share/texlive/texmf-dist/tex/generic/iftex/iftex.sty
Package: iftex 2022/02/03 v1.0f TeX engine tests
) (/usr/share/texlive/texmf-dist/tex/latex/kvsetkeys/kvsetkeys.sty
Package: kvsetkeys 2022-10-05 v1.19 Key value parser (HO)
) (/usr/share/texlive/texmf-dist/tex/generic/kvdefinekeys/kvdefinekeys.sty
Package: kvdefinekeys 2019-12-19 v1.6 Define keys (HO)
) (/usr/share/texlive/texmf-dist/tex/generic/pdfescape/pdfescape.sty
Package: pdfescape 2019/12/09 v1.15 Implements pdfTeX's escape features (HO)
 (/usr/share/texlive/texmf-dist/tex/generic/ltxcmds/ltxcmds.sty
Package: ltxcmds 2023-12-04 v1.26 LaTeX kernel commands for general use (HO)
) (/usr/share/texlive/texmf-dist/tex/generic/pdftexcmds/pdftexcmds.sty
Package: pdftexcmds 2020-06-27 v0.33 Utility functions of pdfTeX for LuaTeX (HO)
 (/usr/share/texlive/texmf-dist/tex/generic/infwarerr/infwarerr.sty
Package: infwarerr 2019/12/03 v1.5 Providing info/warning/error messages (HO)
)
Package pdftexcmds Info: \pdf@primitive is available.
Package pdftexcmds Info: \pdf@ifprimitive is available.
Package pdftexcmds Info: \pdfdraftmode found.
)) (/usr/share/texlive/texmf-dist/tex/latex/hycolor/hycolor.sty
Package: hycolor 2020-01-27 v1.10 Color options for hyperref/bookmark (HO)
) (/usr/share/texlive/texmf-dist/tex/latex/auxhook/auxhook.sty
Package: auxhook 2019-12-17 v1.6 Hooks for auxiliary files (HO)
) (/usr/share/texlive/texmf-dist/tex/latex/hyperref/nameref.sty
Package: nameref 2023-11-26 v2.56 Cross-referencing by name of section
 (/usr/share/texlive/texmf-dist/tex/latex/refcount/refcount.sty
Package: refcount 2019/12/15 v3.6 Data extraction from label references (HO)
) (/usr/share/texlive/texmf-dist/tex/generic/gettitlestring/gettitlestring.sty
Package: gettitlestring 2019/12/15 v1.6 Cleanup title references (HO)
 (/usr/share/texlive/texmf-dist/tex/latex/kvoptions/kvoptions.sty
Package: kvoptions 2022-06-15 v3.15 Key value format for package options (HO)
))
\c@section@level=\count304
)
\@linkdim=\dimen258
\Hy@linkcounter=\count305
\Hy@pagecounter=\count306
 (/usr/share/texlive/texmf-dist/tex/latex/hyperref/pd1enc.def
File: pd1enc.def 2024-01-20 v7.01h Hyperref: PDFDocEncoding definition (HO)
Now handling font encoding PD1 ...
... no UTF-8 mapping file for font encoding PD1
) (/usr/share/texlive/texmf-dist/tex/generic/intcalc/intcalc.sty
Package: intcalc 2019/12/15 v1.3 Expandable calculations with integers (HO)
)
\Hy@SavedSpaceFactor=\count307
 (/usr/share/texlive/texmf-dist/tex/latex/hyperref/puenc.def
File: puenc.def 2024-01-20 v7.01h Hyperref: PDF Unicode definition (HO)
Now handling font encoding PU ...
... no UTF-8 mapping file for font encoding PU
)
Package hyperref Info: Option `colorlinks' set `true' on input line 4062.
Package hyperref Info: Hyper figures OFF on input line 4179.
Package hyperref Info: Link nesting OFF on input line 4184.
Package hyperref Info: Hyper index ON on input line 4187.
Package hyperref Info: Plain pages OFF on input line 4194.
Package hyperref Info: Backreferencing OFF on input line 4199.
Package hyperref Info: Implicit mode ON; LaTeX internals redefined.
Package hyperref Info: Bookmarks ON on input line 4446.
\c@Hy@tempcnt=\count308
 (/usr/share/texlive/texmf-dist/tex/latex/url/url.sty
\Urlmuskip=\muskip17
Package: url 2013/09/16  ver 3.4  Verb mode for urls, etc.
)
LaTeX Info: Redefining \url on input line 4784.
\XeTeXLinkMargin=\dimen259
 (/usr/share/texlive/texmf-dist/tex/generic/bitset/bitset.sty
Package: bitset 2019/12/09 v1.3 Handle bit-vector datatype (HO)
 (/usr/share/texlive/texmf-dist/tex/generic/bigintcalc/bigintcalc.sty
Package: bigintcalc 2019/12/15 v1.5 Expandable calculations on big integers (HO)
))
\Fld@menulength=\count309
\Field@Width=\dimen260
\Fld@charsize=\dimen261
Package hyperref Info: Hyper figures OFF on input line 6063.
Package hyperref Info: Link nesting OFF on input line 6068.
Package hyperref Info: Hyper index ON on input line 6071.
Package hyperref Info: backreferencing OFF on input line 6078.
Package hyperref Info: Link coloring ON on input line 6081.
Package hyperref Info: Link coloring with OCG OFF on input line 6088.
Package hyperref Info: PDF/A mode OFF on input line 6093.
 (/usr/share/texlive/texmf-dist/tex/latex/base/atbegshi-ltx.sty
Package: atbegshi-ltx 2021/01/10 v1.0c Emulation of the original atbegshi
package with kernel methods
)
\Hy@abspage=\count310
\c@Item=\count311
\c@Hfootnote=\count312
)
Package hyperref Info: Driver (autodetected): hpdftex.
 (/usr/share/texlive/texmf-dist/tex/latex/hyperref/hpdftex.def
File: hpdftex.def 2024-01-20 v7.01h Hyperref driver for pdfTeX
 (/usr/share/texlive/texmf-dist/tex/latex/base/atveryend-ltx.sty
Package: atveryend-ltx 2020/08/19 v1.0a Emulation of the original atveryend package
with kernel methods
)
\Fld@listcount=\count313
\c@bookmark@seq@number=\count314
 (/usr/share/texlive/texmf-dist/tex/latex/rerunfilecheck/rerunfilecheck.sty
Package: rerunfilecheck 2022-07-10 v1.10 Rerun checks for auxiliary files (HO)
 (/usr/share/texlive/texmf-dist/tex/generic/uniquecounter/uniquecounter.sty
Package: uniquecounter 2019/12/15 v1.4 Provide unlimited unique counter (HO)
)
Package uniquecounter Info: New unique counter `rerunfilecheck' on input line 285.
)
\Hy@SectionHShift=\skip55
) (/usr/share/texlive/texmf-dist/tex/latex/cancel/cancel.sty
Package: cancel 2013/04/12 v2.2 Cancel math terms
) (/usr/share/texlive/texmf-dist/tex/latex/marginnote/marginnote.sty
Package: marginnote 2018/08/09 1.4b non floating margin notes for LaTeX
\c@mn@abspage=\count315
) (/usr/share/texlive/texmf-dist/tex/latex/pdfscreen/pdfscreen.sty
Package: pdfscreen 2000/07/07 v.1.5 screen PDF design (CVR)
 (/usr/share/texlive/texmf-dist/tex/latex/tools/calc.sty
Package: calc 2023/07/08 v4.3 Infix arithmetic (KKT,FJ)
\calc@Acount=\count316
\calc@Bcount=\count317
\calc@Adimen=\dimen262
\calc@Bdimen=\dimen263
\calc@Askip=\skip56
\calc@Bskip=\skip57
LaTeX Info: Redefining \setlength on input line 80.
LaTeX Info: Redefining \addtolength on input line 81.
\calc@Ccount=\count318
\calc@Cskip=\skip58
) (/usr/share/texlive/texmf-dist/tex/latex/comment/comment.sty
\CommentStream=\write4
 Excluding comment 'comment')
\c@panel=\count319
\c@driver=\count320
\c@scheme=\count321


Package pdfscreen Warning: hyperref already loaded on input line 331.


Package hyperref Warning: Option `pagebackref' has already been used,
(hyperref)                setting the option has no effect on input line 337.


Package hyperref Warning: Values of option `pdfpagemode':
(hyperref)                * `UseNone'
(hyperref)                * `UseOutlines'
(hyperref)                * `UseThumbs'
(hyperref)                * `FullScreen'
(hyperref)                * `UseOC' (PDF 1.5)
(hyperref)                * `UseAttachments' (PDF 1.6)
(hyperref)                * An empty value disables the option.
(hyperref)                Unknown value `none' on input line 337.

Package hyperref Info: Option `colorlinks' set `true' on input line 337.
Package hyperref Info: Option `pdfmenubar' set `false' on input line 337.
Package hyperref Info: Option `pdftoolbar' set `false' on input line 337.
Package hyperref Info: Option `pdffitwindow' set `true' on input line 337.
Package hyperref Info: Option `pdfcenterwindow' set `true' on input line 337.
Package hyperref Info: Option `pdfwindowui' set `false' on input line 337.

Package hyperref Warning: Option `backref' has already been used,
(hyperref)                setting the option has no effect on input line 337.

Include comment 'screen' Excluding comment 'print'
Package pdfscreen Info: Default options loaded on input line 362.
Package pdfscreen Info: No color scheme specified 
(pdfscreen)             default color scheme loaded on input line 439.
\@PDFbox=\box117
\shadowsize=\dimen264
\do@PDFBox=\toks41
\panelwidth=\skip59
\buttonwidth=\dimen265
\smallbuttonwidth=\dimen266
\@PDFspaceleft=\dimen267
\@Leftmargin=\dimen268
\@Rightmargin=\dimen269
\@Topmargin=\dimen270
\@Bottommargin=\dimen271
\Textmarginright=\dimen272
\Textmarginleft=\dimen273
\Textmargintop=\dimen274
\Textmarginbottom=\dimen275
\marginright=\dimen276
\marginleft=\dimen277
\margintop=\dimen278
\marginbottom=\dimen279
\panelheight=\dimen280
\LLX=\dimen281
\LLY=\dimen282
\URX=\dimen283
\URY=\dimen284
\calfactor=\dimen285
\overlayheight=\dimen286
\overlaywidth=\dimen287
\c@panel@section=\count322
\c@slide=\count323
\c@slideoverlay=\count324
\c@overlay=\count325
)
Package hyperref Info: Option `pdftoolbar' set `true' on input line 13.
Package pdfscreen Info: no panel options loaded on input line 15.
Package pdfscreen Info: LLX=0.0pt
(pdfscreen)             LLY=0.0pt
(pdfscreen)             URX=448.07378pt
(pdfscreen)             URY=252.94499pt
(pdfscreen)             panelwidth=0.0pt
(pdfscreen)             overlaywidth=448.07378pt
(pdfscreen)             textwidth=411.9388pt
(pdfscreen)             textheight=216.81001pt
(pdfscreen)             paperwidth=448.07378pt
(pdfscreen)             paperheight=252.94499pt
(pdfscreen)             calfactor=0.0pt
(pdfscreen)             Panel=0 on input line 15.
 (/usr/share/texlive/texmf-dist/tex/latex/l3backend/l3backend-pdftex.def
File: l3backend-pdftex.def 2024-01-04 L3 backend support: PDF output (pdfTeX)
\l__color_backend_stack_int=\count326
\l__pdf_internal_box=\box118
) (./RG-slides.aux
LaTeX Info: Redefining \. on input line 11.
LaTeX Info: Redefining \% on input line 11.
)
\openout1 = `RG-slides.aux'.

LaTeX Font Info:    Checking defaults for OML/cmm/m/it on input line 25.
LaTeX Font Info:    ... okay on input line 25.
LaTeX Font Info:    Checking defaults for OMS/cmsy/m/n on input line 25.
LaTeX Font Info:    ... okay on input line 25.
LaTeX Font Info:    Checking defaults for OT1/cmr/m/n on input line 25.
LaTeX Font Info:    ... okay on input line 25.
LaTeX Font Info:    Checking defaults for T1/cmr/m/n on input line 25.
LaTeX Font Info:    ... okay on input line 25.
LaTeX Font Info:    Checking defaults for TS1/cmr/m/n on input line 25.
LaTeX Font Info:    ... okay on input line 25.
LaTeX Font Info:    Checking defaults for OMX/cmex/m/n on input line 25.
LaTeX Font Info:    ... okay on input line 25.
LaTeX Font Info:    Checking defaults for U/cmr/m/n on input line 25.
LaTeX Font Info:    ... okay on input line 25.
LaTeX Font Info:    Checking defaults for PD1/pdf/m/n on input line 25.
LaTeX Font Info:    ... okay on input line 25.
LaTeX Font Info:    Checking defaults for PU/pdf/m/n on input line 25.
LaTeX Font Info:    ... okay on input line 25.
 (/usr/share/texlive/texmf-dist/tex/context/base/mkii/supp-pdf.mkii
[Loading MPS to PDF converter (version 2006.09.02).]
\scratchcounter=\count327
\scratchdimen=\dimen288
\scratchbox=\box119
\nofMPsegments=\count328
\nofMParguments=\count329
\everyMPshowfont=\toks42
\MPscratchCnt=\count330
\MPscratchDim=\dimen289
\MPnumerator=\count331
\makeMPintoPDFobject=\count332
\everyMPtoPDFconversion=\toks43
) (/usr/share/texlive/texmf-dist/tex/latex/epstopdf-pkg/epstopdf-base.sty
Package: epstopdf-base 2020-01-24 v2.11 Base part for package epstopdf
 (/usr/share/texlive/texmf-dist/tex/latex/grfext/grfext.sty
Package: grfext 2019/12/03 v1.3 Manage graphics extensions (HO)
)
Package epstopdf-base Info: Redefining graphics rule for `.eps' on input line 485.
Package grfext Info: Graphics extension search list:
(grfext)             [.pdf,.png,.jpg,.mps,.jpeg,.jbig2,.jb2,.PDF,.PNG,.JPG,.JPEG,.JBIG2,.JB2,.eps]
(grfext)             \AppendGraphicsExtensions on input line 504.
 (/usr/share/texlive/texmf-dist/tex/latex/latexconfig/epstopdf-sys.cfg
File: epstopdf-sys.cfg 2010/07/13 v1.3 Configuration of (r)epstopdf for TeX Live
))
LaTeX Info: Redefining \. on input line 25.
LaTeX Info: Redefining \% on input line 25.
Package hyperref Info: Link coloring ON on input line 25.
 (./RG-slides.out) (./RG-slides.out)
\@outlinefile=\write5
\openout5 = `RG-slides.out'.


Overfull \hbox (14.85254pt too wide) in paragraph at lines 36--37
 [][] 
 []


LaTeX Font Warning: Font shape `OT1/cmss/m/sc' in size <20.74> not available
(Font)              Font shape `OT1/cmr/m/sc' tried instead on input line 40.


LaTeX Font Warning: Font shape `OT1/cmss/bx/sc' undefined
(Font)              using `OT1/cmss/bx/n' instead on input line 40.


Package pdfscreen Warning: No overlay specified
(pdfscreen)                output will have only background color on input line 40.

[1

]
Overfull \hbox (14.85254pt too wide) in paragraph at lines 44--45
 [][] 
 []


Package pdfscreen Warning: No overlay specified
(pdfscreen)                output will have only background color on input line 53.

[2{/var/lib/texmf/fonts/map/pdftex/updmap/pdftex.map}]
Underfull \hbox (badness 10000) in paragraph at lines 55--56

 []


Package pdfscreen Warning: No overlay specified
(pdfscreen)                output will have only background color on input line 56.

[3]

Package pdfscreen Warning: No overlay specified
(pdfscreen)                output will have only background color on input line 73.

[1

]
Package marginnote Info: Using workaround for absolute page number on input line 73.
LaTeX Font Info:    Trying to load font information for U+msa on input line 83.
 (/usr/share/texlive/texmf-dist/tex/latex/amsfonts/umsa.fd
File: umsa.fd 2013/01/14 v3.01 AMS symbols A
)
LaTeX Font Info:    Trying to load font information for U+msb on input line 83.
 (/usr/share/texlive/texmf-dist/tex/latex/amsfonts/umsb.fd
File: umsb.fd 2013/01/14 v3.01 AMS symbols B
)

Package pdfscreen Warning: No overlay specified
(pdfscreen)                output will have only background color on input line 102.

[2] (./RG-slides.toc
LaTeX Info: Redefining \. on input line 1.
LaTeX Info: Redefining \% on input line 1.


Package spanish Warning: Replacing `OT1/cmss/bx/sc' by 
(spanish)                faked small caps on input line 2.


Package pdfscreen Warning: No overlay specified
(pdfscreen)                output will have only background color on input line 6.

[3

]

Package pdfscreen Warning: No overlay specified
(pdfscreen)                output will have only background color on input line 19.

[4]

Package pdfscreen Warning: No overlay specified
(pdfscreen)                output will have only background color on input line 35.

[5]

Package pdfscreen Warning: No overlay specified
(pdfscreen)                output will have only background color on input line 51.

[6]

Package pdfscreen Warning: No overlay specified
(pdfscreen)                output will have only background color on input line 66.

[7]

Package pdfscreen Warning: No overlay specified
(pdfscreen)                output will have only background color on input line 82.

[8]

Package pdfscreen Warning: No overlay specified
(pdfscreen)                output will have only background color on input line 96.

[9]

Package pdfscreen Warning: No overlay specified
(pdfscreen)                output will have only background color on input line 111.

[10]

Package pdfscreen Warning: No overlay specified
(pdfscreen)                output will have only background color on input line 126.

[11]

Package pdfscreen Warning: No overlay specified
(pdfscreen)                output will have only background color on input line 140.

[12]

Package pdfscreen Warning: No overlay specified
(pdfscreen)                output will have only background color on input line 154.

[13]

Package pdfscreen Warning: No overlay specified
(pdfscreen)                output will have only background color on input line 162.

[14]

Package pdfscreen Warning: No overlay specified
(pdfscreen)                output will have only background color on input line 174.

[15]

Package pdfscreen Warning: No overlay specified
(pdfscreen)                output will have only background color on input line 189.

[16]

Package pdfscreen Warning: No overlay specified
(pdfscreen)                output will have only background color on input line 204.

[17]

Package pdfscreen Warning: No overlay specified
(pdfscreen)                output will have only background color on input line 220.

[18]

Package pdfscreen Warning: No overlay specified
(pdfscreen)                output will have only background color on input line 234.

[19])
\tf@toc=\write6
\openout6 = `RG-slides.toc'.

 (./cap-motivaciones.tex

Package pdfscreen Warning: No overlay specified
(pdfscreen)                output will have only background color on input line 1.


pdfTeX warning (ext4): destination with the same identifier (name{page.1}) has been already used, duplicate ignored
<to be read again> 
                   \relax 
l.1 \chapter
            {Motivaciones para RG: Relatividad Especial y Gravitación newto... [1]
Package marginnote Info: Using workaround for absolute page number on input line 1.

Cap\'{\i }tulo 1.

Package pdfscreen Warning: No overlay specified
(pdfscreen)                output will have only background color on input line 2.


pdfTeX warning (ext4): destination with the same identifier (name{page.2}) has been already used, duplicate ignored
<to be read again> 
                   \relax 
l.2 \section
            {Distribución de energía y momentum de la materia: tensor de e... [2

]
Overfull \vbox (19.18999pt too high) has occurred while \output is active []



Package pdfscreen Warning: No overlay specified
(pdfscreen)                output will have only background color on input line 2.


pdfTeX warning (ext4): destination with the same identifier (name{page.3}) has been already used, duplicate ignored
<to be read again> 
                   \relax 
l.2 \section
            {Distribución de energía y momentum de la materia: tensor de e... [3]
LaTeX Font Info:    Font shape `OT1/cmss/m/it' in size <10.95> not available
(Font)              Font shape `OT1/cmss/m/sl' tried instead on input line 6.


Package pdfscreen Warning: No overlay specified
(pdfscreen)                output will have only background color on input line 7.

[4

]

Package pdfscreen Warning: No overlay specified
(pdfscreen)                output will have only background color on input line 13.

[5]

Package pdfscreen Warning: No overlay specified
(pdfscreen)                output will have only background color on input line 29.

[6]

Package pdfscreen Warning: No overlay specified
(pdfscreen)                output will have only background color on input line 42.

[7]

Package pdfscreen Warning: No overlay specified
(pdfscreen)                output will have only background color on input line 54.

[8]

Package pdfscreen Warning: No overlay specified
(pdfscreen)                output will have only background color on input line 62.

[9]

Package pdfscreen Warning: No overlay specified
(pdfscreen)                output will have only background color on input line 81.

[10]

Package pdfscreen Warning: No overlay specified
(pdfscreen)                output will have only background color on input line 97.

[11]

Package pdfscreen Warning: No overlay specified
(pdfscreen)                output will have only background color on input line 111.

[12]
Package marginnote Info: Margin note 37.1 is on absolute page 37 on input line 116.
Package marginnote Info: right page because not two side mode on input line 116.
Package marginnote Info: xpos seems to be 295.20076pt on input line 116.


Package pdfscreen Warning: No overlay specified
(pdfscreen)                output will have only background color on input line 119.

[13]
Package marginnote Info: Margin note 38.1 is on absolute page 38 on input line 122.
Package marginnote Info: right page because not two side mode on input line 122.
Package marginnote Info: xpos seems to be 291.52141pt on input line 122.


Package pdfscreen Warning: No overlay specified
(pdfscreen)                output will have only background color on input line 137.

[14]

Package pdfscreen Warning: No overlay specified
(pdfscreen)                output will have only background color on input line 140.

[15]
<fig/fig-ley-gravitacion-Newton.pdf, id=1429, 497.86pt x 355.3275pt>
File: fig/fig-ley-gravitacion-Newton.pdf Graphic file (type pdf)
<use fig/fig-ley-gravitacion-Newton.pdf>
Package pdftex.def Info: fig/fig-ley-gravitacion-Newton.pdf  used on input line 154.
(pdftex.def)             Requested size: 159.46278pt x 113.81102pt.


Package pdfscreen Warning: No overlay specified
(pdfscreen)                output will have only background color on input line 158.

[16

]

Package pdfscreen Warning: No overlay specified
(pdfscreen)                output will have only background color on input line 163.

[17 <./fig/fig-ley-gravitacion-Newton.pdf>]

Package pdfscreen Warning: No overlay specified
(pdfscreen)                output will have only background color on input line 181.

[18]
Package marginnote Info: Margin note 43.1 is on absolute page 43 on input line 188.
Package marginnote Info: right page because not two side mode on input line 188.
Package marginnote Info: xpos seems to be 191.62617pt on input line 188.


Package pdfscreen Warning: No overlay specified
(pdfscreen)                output will have only background color on input line 202.

[19]

Package pdfscreen Warning: No overlay specified
(pdfscreen)                output will have only background color on input line 203.

[20]

Package pdfscreen Warning: No overlay specified
(pdfscreen)                output will have only background color on input line 211.

[21

]

Package pdfscreen Warning: No overlay specified
(pdfscreen)                output will have only background color on input line 223.

[22]
Overfull \hbox (1.72804pt too wide) in paragraph at lines 227--227
[][]\OT1/cmr/bx/n/12 Universalidad de la in-ter-ac-ci^^Son gra-vi-ta-cio-nal, Prin-ci-pio de Equi-
 []


Package pdfscreen Warning: No overlay specified
(pdfscreen)                output will have only background color on input line 230.

[23]

Package pdfscreen Warning: No overlay specified
(pdfscreen)                output will have only background color on input line 240.

[24]

Package pdfscreen Warning: No overlay specified
(pdfscreen)                output will have only background color on input line 242.

[25]

Package pdfscreen Warning: No overlay specified
(pdfscreen)                output will have only background color on input line 247.

[26]
<fig/fig-tests-PED.pdf, id=1516, 732.8721pt x 488.28746pt>
File: fig/fig-tests-PED.pdf Graphic file (type pdf)
<use fig/fig-tests-PED.pdf>
Package pdftex.def Info: fig/fig-tests-PED.pdf  used on input line 251.
(pdftex.def)             Requested size: 213.52272pt x 142.26378pt.


Package pdfscreen Warning: No overlay specified
(pdfscreen)                output will have only background color on input line 255.

[27]

Package pdfscreen Warning: No overlay specified
(pdfscreen)                output will have only background color on input line 257.

[28 <./fig/fig-tests-PED.pdf>]

Package pdfscreen Warning: No overlay specified
(pdfscreen)                output will have only background color on input line 265.

[29

]
Package marginnote Info: Margin note 54.1 is on absolute page 54 on input line 269.
Package marginnote Info: right page because not two side mode on input line 269.
Package marginnote Info: xpos seems to be 176.6688pt on input line 269.


Package pdfscreen Warning: No overlay specified
(pdfscreen)                output will have only background color on input line 288.

[30]

Package pdfscreen Warning: No overlay specified
(pdfscreen)                output will have only background color on input line 293.

[31]

Package pdfscreen Warning: No overlay specified
(pdfscreen)                output will have only background color on input line 306.

[32

]
<fig/fig-equivalencia.pdf, id=1571, 304.13625pt x 207.77625pt>
File: fig/fig-equivalencia.pdf Graphic file (type pdf)
<use fig/fig-equivalencia.pdf>
Package pdftex.def Info: fig/fig-equivalencia.pdf  used on input line 319.
(pdftex.def)             Requested size: 166.59326pt x 113.81102pt.


Package pdfscreen Warning: No overlay specified
(pdfscreen)                output will have only background color on input line 323.

[33]
<fig/fig-gravedad-y-aceleracion.pdf, id=1588, 304.13625pt x 207.77625pt>
File: fig/fig-gravedad-y-aceleracion.pdf Graphic file (type pdf)
<use fig/fig-gravedad-y-aceleracion.pdf>
Package pdftex.def Info: fig/fig-gravedad-y-aceleracion.pdf  used on input line 330.
(pdftex.def)             Requested size: 166.59326pt x 113.81102pt.


Package pdfscreen Warning: No overlay specified
(pdfscreen)                output will have only background color on input line 334.

[34 <./fig/fig-equivalencia.pdf>]

Package pdfscreen Warning: No overlay specified
(pdfscreen)                output will have only background color on input line 335.

[35]

Package pdfscreen Warning: No overlay specified
(pdfscreen)                output will have only background color on input line 337.

[36 <./fig/fig-gravedad-y-aceleracion.pdf>]
Package marginnote Info: Margin note 61.1 is on absolute page 62 on input line 343.
Package marginnote Info: right page because not two side mode on input line 343.
Package marginnote Info: xpos seems to be 52.59993pt on input line 343.


Package pdfscreen Warning: No overlay specified
(pdfscreen)                output will have only background color on input line 344.

[37

]

Package pdfscreen Warning: No overlay specified
(pdfscreen)                output will have only background color on input line 355.

[38]
<fig/fig-SRLI.pdf, id=1629, 531.9875pt x 533.995pt>
File: fig/fig-SRLI.pdf Graphic file (type pdf)
<use fig/fig-SRLI.pdf>
Package pdftex.def Info: fig/fig-SRLI.pdf  used on input line 358.
(pdftex.def)             Requested size: 170.71652pt x 171.35448pt.


Package pdfscreen Warning: No overlay specified
(pdfscreen)                output will have only background color on input line 361.

[39]

Package pdfscreen Warning: No overlay specified
(pdfscreen)                output will have only background color on input line 362.

[40]
<fig/fig-gravedad-y-aceleracion-luz.pdf, id=1640, 304.13625pt x 207.77625pt>
File: fig/fig-gravedad-y-aceleracion-luz.pdf Graphic file (type pdf)
<use fig/fig-gravedad-y-aceleracion-luz.pdf>
Package pdftex.def Info: fig/fig-gravedad-y-aceleracion-luz.pdf  used on input line 366.
(pdftex.def)             Requested size: 170.71652pt x 116.62971pt.


Package pdfscreen Warning: No overlay specified
(pdfscreen)                output will have only background color on input line 369.

[41 <./fig/fig-SRLI.pdf>]

Package pdfscreen Warning: No overlay specified
(pdfscreen)                output will have only background color on input line 370.

[42]

Package pdfscreen Warning: No overlay specified
(pdfscreen)                output will have only background color on input line 371.

[43 <./fig/fig-gravedad-y-aceleracion-luz.pdf>]

Package pdfscreen Warning: No overlay specified
(pdfscreen)                output will have only background color on input line 375.

[44]

Package pdfscreen Warning: No overlay specified
(pdfscreen)                output will have only background color on input line 394.

[45]

Package pdfscreen Warning: No overlay specified
(pdfscreen)                output will have only background color on input line 412.

[46]

Package pdfscreen Warning: No overlay specified
(pdfscreen)                output will have only background color on input line 422.

[47]

Package pdfscreen Warning: No overlay specified
(pdfscreen)                output will have only background color on input line 436.

[48

]
Package marginnote Info: Margin note 73.1 is on absolute page 74 on input line 443.
Package marginnote Info: right page because not two side mode on input line 443.
Package marginnote Info: xpos seems to be 284.86163pt on input line 443.


Package pdfscreen Warning: No overlay specified
(pdfscreen)                output will have only background color on input line 443.

[49]
Overfull \vbox (0.51913pt too high) has occurred while \output is active []



Package pdfscreen Warning: No overlay specified
(pdfscreen)                output will have only background color on input line 467.

[50]
Package marginnote Info: Margin note 75.1 is on absolute page 75 on input line 474.
Package marginnote Info: right page because not two side mode on input line 474.
Package marginnote Info: xpos seems to be 173.7912pt on input line 474.
Package marginnote Info: Margin note 75.2 is on absolute page 75 on input line 478.
Package marginnote Info: right page because not two side mode on input line 478.
Package marginnote Info: xpos seems to be 169.31496pt on input line 478.


Package pdfscreen Warning: No overlay specified
(pdfscreen)                output will have only background color on input line 482.

[51]

Package pdfscreen Warning: No overlay specified
(pdfscreen)                output will have only background color on input line 501.

[52]
Package marginnote Info: Margin note 77.1 is on absolute page 77 on input line 519.
Package marginnote Info: right page because not two side mode on input line 519.
Package marginnote Info: xpos seems to be 343.40837pt on input line 519.


Package pdfscreen Warning: No overlay specified
(pdfscreen)                output will have only background color on input line 524.

[53]
Package marginnote Info: Margin note 78.1 is on absolute page 78 on input line 529.
Package marginnote Info: right page because not two side mode on input line 529.
Package marginnote Info: xpos seems to be 284.31834pt on input line 529.
) (./cap-tensores-y-geometria-diferencial.tex

Package pdfscreen Warning: No overlay specified
(pdfscreen)                output will have only background color on input line 1.

[54]
Cap\'{\i }tulo 2.

Package pdfscreen Warning: No overlay specified
(pdfscreen)                output will have only background color on input line 3.

[55

]
<fig/fig-coordenadas.pdf, id=1759, 783.36194pt x 596.58412pt>
File: fig/fig-coordenadas.pdf Graphic file (type pdf)
<use fig/fig-coordenadas.pdf>
Package pdftex.def Info: fig/fig-coordenadas.pdf  used on input line 15.
(pdftex.def)             Requested size: 224.15695pt x 170.71652pt.


Package pdfscreen Warning: No overlay specified
(pdfscreen)                output will have only background color on input line 19.

[56

]

Package pdfscreen Warning: No overlay specified
(pdfscreen)                output will have only background color on input line 19.

[57 <./fig/fig-coordenadas.pdf>]
<fig/fig-cambio-coordenadas.pdf, id=1773, 661.07327pt x 562.7326pt>
File: fig/fig-cambio-coordenadas.pdf Graphic file (type pdf)
<use fig/fig-cambio-coordenadas.pdf>
Package pdftex.def Info: fig/fig-cambio-coordenadas.pdf  used on input line 28.
(pdftex.def)             Requested size: 200.55276pt x 170.71652pt.


Package pdfscreen Warning: No overlay specified
(pdfscreen)                output will have only background color on input line 32.

[58]

Package pdfscreen Warning: No overlay specified
(pdfscreen)                output will have only background color on input line 32.

[59 <./fig/fig-cambio-coordenadas.pdf>]

Package pdfscreen Warning: No overlay specified
(pdfscreen)                output will have only background color on input line 53.

[60]

Package pdfscreen Warning: No overlay specified
(pdfscreen)                output will have only background color on input line 59.

[61

]
Package marginnote Info: Margin note 86.1 is on absolute page 86 on input line 63.
Package marginnote Info: right page because not two side mode on input line 63.
Package marginnote Info: xpos seems to be 191.42413pt on input line 63.


Package pdfscreen Warning: No overlay specified
(pdfscreen)                output will have only background color on input line 78.

[62]
Package marginnote Info: Margin note 87.1 is on absolute page 87 on input line 88.
Package marginnote Info: right page because not two side mode on input line 88.
Package marginnote Info: xpos seems to be 161.61774pt on input line 88.


Package pdfscreen Warning: No overlay specified
(pdfscreen)                output will have only background color on input line 102.

[63]
Package marginnote Info: Margin note 88.1 is on absolute page 88 on input line 103.
Package marginnote Info: right page because not two side mode on input line 103.
Package marginnote Info: xpos seems to be 167.5667pt on input line 103.
Package marginnote Info: Margin note 88.2 is on absolute page 89 on input line 118.
Package marginnote Info: right page because not two side mode on input line 118.
Package marginnote Info: xpos seems to be 53.88312pt on input line 118.


Package pdfscreen Warning: No overlay specified
(pdfscreen)                output will have only background color on input line 118.

[64]
Package marginnote Info: Margin note 89.1 is on absolute page 89 on input line 121.
Package marginnote Info: right page because not two side mode on input line 121.
Package marginnote Info: xpos seems to be 145.67465pt on input line 121.


Package pdfscreen Warning: No overlay specified
(pdfscreen)                output will have only background color on input line 127.

[65]

Package pdfscreen Warning: No overlay specified
(pdfscreen)                output will have only background color on input line 133.

[66]

Package pdfscreen Warning: No overlay specified
(pdfscreen)                output will have only background color on input line 150.

[67]
Package marginnote Info: Margin note 92.1 is on absolute page 92 on input line 159.
Package marginnote Info: right page because not two side mode on input line 159.
Package marginnote Info: xpos seems to be 167.5667pt on input line 159.


Package pdfscreen Warning: No overlay specified
(pdfscreen)                output will have only background color on input line 170.

[68]

Package pdfscreen Warning: No overlay specified
(pdfscreen)                output will have only background color on input line 184.

[69]
Package marginnote Info: Margin note 94.1 is on absolute page 95 on input line 203.
Package marginnote Info: right page because not two side mode on input line 203.
Package marginnote Info: xpos seems to be 45.5153pt on input line 203.


Package pdfscreen Warning: No overlay specified
(pdfscreen)                output will have only background color on input line 210.

[70]

Package pdfscreen Warning: No overlay specified
(pdfscreen)                output will have only background color on input line 230.

[71]

Package pdfscreen Warning: No overlay specified
(pdfscreen)                output will have only background color on input line 237.

[72]

Package pdfscreen Warning: No overlay specified
(pdfscreen)                output will have only background color on input line 257.

[73

]

Package pdfscreen Warning: No overlay specified
(pdfscreen)                output will have only background color on input line 272.

[74]
Overfull \hbox (1.47319pt too wide) detected at line 299
[][][][] \OT1/cmr/m/n/10.95 + [] = [] [] [][] [] [] [] \OML/cmm/m/it/10.95 :
 []


Package pdfscreen Warning: No overlay specified
(pdfscreen)                output will have only background color on input line 303.

[75]

Package pdfscreen Warning: No overlay specified
(pdfscreen)                output will have only background color on input line 353.

[76]
Overfull \vbox (53.0698pt too high) has occurred while \output is active []



Package pdfscreen Warning: No overlay specified
(pdfscreen)                output will have only background color on input line 353.

[77]

Package pdfscreen Warning: No overlay specified
(pdfscreen)                output will have only background color on input line 370.

[78]

Package pdfscreen Warning: No overlay specified
(pdfscreen)                output will have only background color on input line 387.

[79]

Package pdfscreen Warning: No overlay specified
(pdfscreen)                output will have only background color on input line 407.

[80]

Package pdfscreen Warning: No overlay specified
(pdfscreen)                output will have only background color on input line 423.

[81]

Package pdfscreen Warning: No overlay specified
(pdfscreen)                output will have only background color on input line 444.

[82]

Package pdfscreen Warning: No overlay specified
(pdfscreen)                output will have only background color on input line 499.

[83]

Package pdfscreen Warning: No overlay specified
(pdfscreen)                output will have only background color on input line 520.

[84

]

Package pdfscreen Warning: No overlay specified
(pdfscreen)                output will have only background color on input line 545.

[85]

Package pdfscreen Warning: No overlay specified
(pdfscreen)                output will have only background color on input line 566.

[86]
Overfull \hbox (1.5964pt too wide) detected at line 579
[][][][]
 []


Package pdfscreen Warning: No overlay specified
(pdfscreen)                output will have only background color on input line 590.

[87]

Package pdfscreen Warning: No overlay specified
(pdfscreen)                output will have only background color on input line 609.

[88]

Package pdfscreen Warning: No overlay specified
(pdfscreen)                output will have only background color on input line 631.

[89]

Package pdfscreen Warning: No overlay specified
(pdfscreen)                output will have only background color on input line 666.

[90]

Package pdfscreen Warning: No overlay specified
(pdfscreen)                output will have only background color on input line 668.

[91]

Package pdfscreen Warning: No overlay specified
(pdfscreen)                output will have only background color on input line 693.

[92

]

Package pdfscreen Warning: No overlay specified
(pdfscreen)                output will have only background color on input line 715.

[93]

Package pdfscreen Warning: No overlay specified
(pdfscreen)                output will have only background color on input line 717.

[94]
Package marginnote Info: Margin note 119.1 is on absolute page 119 on input line 731.
Package marginnote Info: right page because not two side mode on input line 731.
Package marginnote Info: xpos seems to be 176.49036pt on input line 731.


Package pdfscreen Warning: No overlay specified
(pdfscreen)                output will have only background color on input line 738.

[95

]
Package marginnote Info: Margin note 120.1 is on absolute page 121 on input line 748.
Package marginnote Info: right page because not two side mode on input line 748.
Package marginnote Info: xpos seems to be 76.54967pt on input line 748.


Package pdfscreen Warning: No overlay specified
(pdfscreen)                output will have only background color on input line 751.

[96]
Package marginnote Info: Margin note 121.1 is on absolute page 121 on input line 760.
Package marginnote Info: right page because not two side mode on input line 760.
Package marginnote Info: xpos seems to be 182.31966pt on input line 760.
Package marginnote Info: Margin note 121.2 is on absolute page 122 on input line 772.
Package marginnote Info: right page because not two side mode on input line 772.
Package marginnote Info: xpos seems to be 166.13927pt on input line 772.


Package pdfscreen Warning: No overlay specified
(pdfscreen)                output will have only background color on input line 773.

[97]
Package marginnote Info: Margin note 122.1 is on absolute page 122 on input line 780.
Package marginnote Info: right page because not two side mode on input line 780.
Package marginnote Info: xpos seems to be 169.34315pt on input line 780.
Package marginnote Info: Margin note 122.2 is on absolute page 122 on input line 809.
Package marginnote Info: right page because not two side mode on input line 809.
Package marginnote Info: xpos seems to be 180.74164pt on input line 809.

Underfull \hbox (badness 10000) in paragraph at lines 811--811
[][][]$\OML/cmm/m/it/9 g[] \OT1/cmr/m/n/9 = (1\OML/cmm/m/it/9 =\OT1/cmr/m/n/9 (\OML/cmm/m/it/9 n \OMS/cmsy/m/n/9 ^^@ \OT1/cmr/m/n/9 1)!\OML/cmm/m/it/9 g\OT1/cmr/m/n/9 )\OML/cmm/m/it/9 "[]"[]g[]g[] [] g[]$\OT1/cmr/m/n/9 , $\OML/cmm/m/it/9 g \OT1/cmr/m/n/9 :=
 []


Package pdfscreen Warning: No overlay specified
(pdfscreen)                output will have only background color on input line 813.

[98]
Package marginnote Info: Margin note 123.1 is on absolute page 123 on input line 816.
Package marginnote Info: right page because not two side mode on input line 816.
Package marginnote Info: xpos seems to be 195.32881pt on input line 816.
Package marginnote Info: Margin note 123.2 is on absolute page 123 on input line 820.
Package marginnote Info: right page because not two side mode on input line 820.
Package marginnote Info: xpos seems to be 192.82683pt on input line 820.


Package pdfscreen Warning: No overlay specified
(pdfscreen)                output will have only background color on input line 833.

[99]
<fig/fig-espacios-tangente-y-cotangente.pdf, id=2072, 276.03125pt x 277.035pt>
File: fig/fig-espacios-tangente-y-cotangente.pdf Graphic file (type pdf)
<use fig/fig-espacios-tangente-y-cotangente.pdf>
Package pdftex.def Info: fig/fig-espacios-tangente-y-cotangente.pdf  used on input line 836.
(pdftex.def)             Requested size: 170.09726pt x 170.71652pt.


Package pdfscreen Warning: No overlay specified
(pdfscreen)                output will have only background color on input line 841.

[100]

Package pdfscreen Warning: No overlay specified
(pdfscreen)                output will have only background color on input line 841.

[101 <./fig/fig-espacios-tangente-y-cotangente.pdf>]

Package pdfscreen Warning: No overlay specified
(pdfscreen)                output will have only background color on input line 854.

[102]
Package marginnote Info: Margin note 127.1 is on absolute page 128 on input line 866.
Package marginnote Info: right page because not two side mode on input line 866.
Package marginnote Info: xpos seems to be 160.61765pt on input line 866.


Package pdfscreen Warning: No overlay specified
(pdfscreen)                output will have only background color on input line 868.

[103]

Package pdfscreen Warning: No overlay specified
(pdfscreen)                output will have only background color on input line 882.

[104]

Package pdfscreen Warning: No overlay specified
(pdfscreen)                output will have only background color on input line 899.

[105]

Package pdfscreen Warning: No overlay specified
(pdfscreen)                output will have only background color on input line 919.

[106]
Package marginnote Info: Margin note 131.1 is on absolute page 131 on input line 922.
Package marginnote Info: right page because not two side mode on input line 922.
Package marginnote Info: xpos seems to be 148.53795pt on input line 922.
Package marginnote Info: Margin note 131.2 is on absolute page 131 on input line 928.
Package marginnote Info: right page because not two side mode on input line 928.
Package marginnote Info: xpos seems to be 139.77228pt on input line 928.


Package pdfscreen Warning: No overlay specified
(pdfscreen)                output will have only background color on input line 934.

[107]

Package pdfscreen Warning: No overlay specified
(pdfscreen)                output will have only background color on input line 947.

[108]
Package marginnote Info: Margin note 133.1 is on absolute page 134 on input line 960.
Package marginnote Info: right page because not two side mode on input line 960.
Package marginnote Info: xpos seems to be 165.3981pt on input line 960.


Package pdfscreen Warning: No overlay specified
(pdfscreen)                output will have only background color on input line 962.

[109]
<fig/fig-Killing.pdf, id=2158, 376.40625pt x 288.07625pt>
File: fig/fig-Killing.pdf Graphic file (type pdf)
<use fig/fig-Killing.pdf>
Package pdftex.def Info: fig/fig-Killing.pdf  used on input line 980.
(pdftex.def)             Requested size: 185.88803pt x 142.26378pt.


Package pdfscreen Warning: No overlay specified
(pdfscreen)                output will have only background color on input line 984.

[110]

Package pdfscreen Warning: No overlay specified
(pdfscreen)                output will have only background color on input line 984.

[111 <./fig/fig-Killing.pdf>]

Package pdfscreen Warning: No overlay specified
(pdfscreen)                output will have only background color on input line 995.

[112]

Package pdfscreen Warning: No overlay specified
(pdfscreen)                output will have only background color on input line 1014.

[113]
Package marginnote Info: Margin note 138.1 is on absolute page 138 on input line 1021.
Package marginnote Info: right page because not two side mode on input line 1021.
Package marginnote Info: xpos seems to be 148.04381pt on input line 1021.


Package pdfscreen Warning: No overlay specified
(pdfscreen)                output will have only background color on input line 1043.

[114]

Package pdfscreen Warning: No overlay specified
(pdfscreen)                output will have only background color on input line 1058.

[115]

Package pdfscreen Warning: No overlay specified
(pdfscreen)                output will have only background color on input line 1075.

[116]
<fig/fig-Killing-E2.pdf, id=2229, 756.39798pt x 259.54681pt>
File: fig/fig-Killing-E2.pdf Graphic file (type pdf)
<use fig/fig-Killing-E2.pdf>
Package pdftex.def Info: fig/fig-Killing-E2.pdf  used on input line 1084.
(pdftex.def)             Requested size: 331.68506pt x 113.81102pt.


Package pdfscreen Warning: No overlay specified
(pdfscreen)                output will have only background color on input line 1088.

[117]

Package pdfscreen Warning: No overlay specified
(pdfscreen)                output will have only background color on input line 1090.

[118 <./fig/fig-Killing-E2.pdf>]

Package pdfscreen Warning: No overlay specified
(pdfscreen)                output will have only background color on input line 1114.

[119]

Package pdfscreen Warning: No overlay specified
(pdfscreen)                output will have only background color on input line 1142.

[120]

Package pdfscreen Warning: No overlay specified
(pdfscreen)                output will have only background color on input line 1161.

[121]
<fig/fig-KS2x.pdf, id=3294, 346.29375pt x 347.2975pt>
File: fig/fig-KS2x.pdf Graphic file (type pdf)
<use fig/fig-KS2x.pdf>
Package pdftex.def Info: fig/fig-KS2x.pdf  used on input line 1165.
(pdftex.def)             Requested size: 113.4794pt x 113.81102pt.
<fig/fig-KS2y.pdf, id=3295, 347.2975pt x 347.2975pt>
File: fig/fig-KS2y.pdf Graphic file (type pdf)
<use fig/fig-KS2y.pdf>
Package pdftex.def Info: fig/fig-KS2y.pdf  used on input line 1165.
(pdftex.def)             Requested size: 113.80832pt x 113.81102pt.
<fig/fig-KS2z.pdf, id=3296, 345.29pt x 346.29375pt>
File: fig/fig-KS2z.pdf Graphic file (type pdf)
<use fig/fig-KS2z.pdf>
Package pdftex.def Info: fig/fig-KS2z.pdf  used on input line 1165.
(pdftex.def)             Requested size: 113.47713pt x 113.81102pt.


Package pdfscreen Warning: No overlay specified
(pdfscreen)                output will have only background color on input line 1170.

[122]

Package pdfscreen Warning: No overlay specified
(pdfscreen)                output will have only background color on input line 1175.

[123 <./fig/fig-KS2x.pdf> <./fig/fig-KS2y.pdf> <./fig/fig-KS2z.pdf>]

Package pdfscreen Warning: No overlay specified
(pdfscreen)                output will have only background color on input line 1191.

[124]

Package pdfscreen Warning: No overlay specified
(pdfscreen)                output will have only background color on input line 1203.

[125]

Package pdfscreen Warning: No overlay specified
(pdfscreen)                output will have only background color on input line 1207.

[126]

Package pdfscreen Warning: No overlay specified
(pdfscreen)                output will have only background color on input line 1227.

[127

]

Package pdfscreen Warning: No overlay specified
(pdfscreen)                output will have only background color on input line 1244.

[128]

Package pdfscreen Warning: No overlay specified
(pdfscreen)                output will have only background color on input line 1255.

[129]

Package pdfscreen Warning: No overlay specified
(pdfscreen)                output will have only background color on input line 1311.

[130]
Package marginnote Info: Margin note 155.1 is on absolute page 155 on input line 1319.
Package marginnote Info: right page because not two side mode on input line 1319.
Package marginnote Info: xpos seems to be 144.69525pt on input line 1319.


Package pdfscreen Warning: No overlay specified
(pdfscreen)                output will have only background color on input line 1329.

[131]

Package pdfscreen Warning: No overlay specified
(pdfscreen)                output will have only background color on input line 1347.

[132]

Package pdfscreen Warning: No overlay specified
(pdfscreen)                output will have only background color on input line 1405.

[133]

Package pdfscreen Warning: No overlay specified
(pdfscreen)                output will have only background color on input line 1417.

[134]

Package pdfscreen Warning: No overlay specified
(pdfscreen)                output will have only background color on input line 1435.

[135]
Package marginnote Info: right page because not two side mode on input line 1447.
Package marginnote Info: xpos seems to be \@mn@currxpos  on input line 1447.
Package marginnote Info: Margin note 160.2 is on absolute page 160 on input line 1447.
Package marginnote Info: right page because not two side mode on input line 1447.
Package marginnote Info: xpos seems to be 81.10342pt on input line 1447.


Package pdfscreen Warning: No overlay specified
(pdfscreen)                output will have only background color on input line 1456.

[136]

Package pdfscreen Warning: No overlay specified
(pdfscreen)                output will have only background color on input line 1472.

[137]
Package marginnote Info: Margin note 162.1 is on absolute page 162 on input line 1475.
Package marginnote Info: right page because not two side mode on input line 1475.
Package marginnote Info: xpos seems to be 85.86545pt on input line 1475.


Package pdfscreen Warning: No overlay specified
(pdfscreen)                output will have only background color on input line 1480.

[138]
Package marginnote Info: Margin note 163.1 is on absolute page 163 on input line 1486.
Package marginnote Info: right page because not two side mode on input line 1486.
Package marginnote Info: xpos seems to be 66.99713pt on input line 1486.


Package pdfscreen Warning: No overlay specified
(pdfscreen)                output will have only background color on input line 1502.

[139]
<fig/fig-transporte-curva-cerrada.pdf, id=3429, 427.5975pt x 419.5675pt>
File: fig/fig-transporte-curva-cerrada.pdf Graphic file (type pdf)
<use fig/fig-transporte-curva-cerrada.pdf>
Package pdftex.def Info: fig/fig-transporte-curva-cerrada.pdf  used on input line 1512.
(pdftex.def)             Requested size: 144.98322pt x 142.26378pt.


Package pdfscreen Warning: No overlay specified
(pdfscreen)                output will have only background color on input line 1516.

[140]

Package pdfscreen Warning: No overlay specified
(pdfscreen)                output will have only background color on input line 1519.

[141 <./fig/fig-transporte-curva-cerrada.pdf>]

Package pdfscreen Warning: No overlay specified
(pdfscreen)                output will have only background color on input line 1544.

[142]

Package pdfscreen Warning: No overlay specified
(pdfscreen)                output will have only background color on input line 1557.

[143]
Package marginnote Info: Margin note 168.1 is on absolute page 168 on input line 1560.
Package marginnote Info: right page because not two side mode on input line 1560.
Package marginnote Info: xpos seems to be 116.81374pt on input line 1560.
Package marginnote Info: Margin note 168.2 is on absolute page 168 on input line 1566.
Package marginnote Info: right page because not two side mode on input line 1566.
Package marginnote Info: xpos seems to be 180.3466pt on input line 1566.


Package pdfscreen Warning: No overlay specified
(pdfscreen)                output will have only background color on input line 1577.

[144]

Package pdfscreen Warning: No overlay specified
(pdfscreen)                output will have only background color on input line 1587.

[145]
<fig/fig-transporte-y-curvatura-01.pdf, id=3478, 703.9877pt x 490.88748pt>
File: fig/fig-transporte-y-curvatura-01.pdf Graphic file (type pdf)
<use fig/fig-transporte-y-curvatura-01.pdf>
Package pdftex.def Info: fig/fig-transporte-y-curvatura-01.pdf  used on input line 1599.
(pdftex.def)             Requested size: 244.83105pt x 170.71652pt.


LaTeX Warning: `!h' float specifier changed to `!ht'.


Package pdfscreen Warning: No overlay specified
(pdfscreen)                output will have only background color on input line 1607.

[146]

Package pdfscreen Warning: No overlay specified
(pdfscreen)                output will have only background color on input line 1626.

[147]

Package pdfscreen Warning: No overlay specified
(pdfscreen)                output will have only background color on input line 1640.

[148]

Package pdfscreen Warning: No overlay specified
(pdfscreen)                output will have only background color on input line 1649.

[149]
<fig/fig-torsion-01.pdf, id=3517, 309.155pt x 234.8775pt>
File: fig/fig-torsion-01.pdf Graphic file (type pdf)
<use fig/fig-torsion-01.pdf>
Package pdftex.def Info: fig/fig-torsion-01.pdf  used on input line 1652.
(pdftex.def)             Requested size: 149.80318pt x 113.81102pt.
<fig/fig-torsion-02.pdf, id=3518, 371.3875pt x 286.06876pt>
File: fig/fig-torsion-02.pdf Graphic file (type pdf)
<use fig/fig-torsion-02.pdf>
Package pdftex.def Info: fig/fig-torsion-02.pdf  used on input line 1652.
(pdftex.def)             Requested size: 147.75333pt x 113.81102pt.


Package pdfscreen Warning: No overlay specified
(pdfscreen)                output will have only background color on input line 1656.

[150 <./fig/fig-torsion-01.pdf> <./fig/fig-torsion-02.pdf>]

Package pdfscreen Warning: No overlay specified
(pdfscreen)                output will have only background color on input line 1679.

[151]

Package pdfscreen Warning: No overlay specified
(pdfscreen)                output will have only background color on input line 1880.

[152]
Package marginnote Info: Margin note 177.1 is on absolute page 177 on input line 1884.
Package marginnote Info: right page because not two side mode on input line 1884.
Package marginnote Info: xpos seems to be 150.40907pt on input line 1884.


Package pdfscreen Warning: No overlay specified
(pdfscreen)                output will have only background color on input line 1916.

[153]

Package pdfscreen Warning: No overlay specified
(pdfscreen)                output will have only background color on input line 1916.

[154 <./fig/fig-transporte-y-curvatura-01.pdf>]

Package pdfscreen Warning: No overlay specified
(pdfscreen)                output will have only background color on input line 1925.

[155

]
Package marginnote Info: Margin note 180.1 is on absolute page 180 on input line 1937.
Package marginnote Info: right page because not two side mode on input line 1937.
Package marginnote Info: xpos seems to be 198.88895pt on input line 1937.


Package pdfscreen Warning: No overlay specified
(pdfscreen)                output will have only background color on input line 1948.

[156]

LaTeX Font Warning: Font shape `OT1/cmss/bx/it' undefined
(Font)              using `OT1/cmss/bx/n' instead on input line 2079.


Package pdfscreen Warning: No overlay specified
(pdfscreen)                output will have only background color on input line 2090.

[157]

Package pdfscreen Warning: No overlay specified
(pdfscreen)                output will have only background color on input line 2106.

[158]

Package pdfscreen Warning: No overlay specified
(pdfscreen)                output will have only background color on input line 2165.

[159]

Package pdfscreen Warning: No overlay specified
(pdfscreen)                output will have only background color on input line 2180.

[160]

Package pdfscreen Warning: No overlay specified
(pdfscreen)                output will have only background color on input line 2185.

[161]

Package pdfscreen Warning: No overlay specified
(pdfscreen)                output will have only background color on input line 2195.

[162]

Package pdfscreen Warning: No overlay specified
(pdfscreen)                output will have only background color on input line 2211.

[163]

Package pdfscreen Warning: No overlay specified
(pdfscreen)                output will have only background color on input line 2225.

[164]
Overfull \hbox (4.95514pt too wide) in paragraph at lines 2736--2737
[]\OT1/cmss/m/n/10.95 Si con-si-de-ra-mos las com-po-nen-tes to-tal-men-te co-va-rian-tes del ten-sor de cur-va-ru-ra, $\OML/cmm/m/it/10.95 R[] \OT1/cmr/m/n/10.95 :=
 []


Package pdfscreen Warning: No overlay specified
(pdfscreen)                output will have only background color on input line 2745.

[165]

Package pdfscreen Warning: No overlay specified
(pdfscreen)                output will have only background color on input line 2758.

[166]

Package pdfscreen Warning: No overlay specified
(pdfscreen)                output will have only background color on input line 2769.

[167]

Package pdfscreen Warning: No overlay specified
(pdfscreen)                output will have only background color on input line 2789.

[168]

Package pdfscreen Warning: No overlay specified
(pdfscreen)                output will have only background color on input line 2801.

[169]

Package pdfscreen Warning: No overlay specified
(pdfscreen)                output will have only background color on input line 2817.

[170]) (./cap-RG-Fundamentos.tex

Package pdfscreen Warning: No overlay specified
(pdfscreen)                output will have only background color on input line 1.

[171]
Cap\'{\i }tulo 3.

Package pdfscreen Warning: No overlay specified
(pdfscreen)                output will have only background color on input line 3.

[172

]

Package pdfscreen Warning: No overlay specified
(pdfscreen)                output will have only background color on input line 8.

[173

]

Package pdfscreen Warning: No overlay specified
(pdfscreen)                output will have only background color on input line 14.

[174]

Package pdfscreen Warning: No overlay specified
(pdfscreen)                output will have only background color on input line 26.

[175]

Package pdfscreen Warning: No overlay specified
(pdfscreen)                output will have only background color on input line 46.

[176

]
Package marginnote Info: Margin note 201.1 is on absolute page 201 on input line 55.
Package marginnote Info: right page because not two side mode on input line 55.
Package marginnote Info: xpos seems to be 167.82779pt on input line 55.


Package pdfscreen Warning: No overlay specified
(pdfscreen)                output will have only background color on input line 67.

[177]

Package pdfscreen Warning: No overlay specified
(pdfscreen)                output will have only background color on input line 71.

[178]

Package pdfscreen Warning: No overlay specified
(pdfscreen)                output will have only background color on input line 75.

[179]
Package marginnote Info: Margin note 204.1 is on absolute page 204 on input line 90.
Package marginnote Info: right page because not two side mode on input line 90.
Package marginnote Info: xpos seems to be 148.57663pt on input line 90.


Package pdfscreen Warning: No overlay specified
(pdfscreen)                output will have only background color on input line 96.

[180

]

Package pdfscreen Warning: No overlay specified
(pdfscreen)                output will have only background color on input line 114.

[181]

Package pdfscreen Warning: No overlay specified
(pdfscreen)                output will have only background color on input line 125.

[182]

Package pdfscreen Warning: No overlay specified
(pdfscreen)                output will have only background color on input line 136.

[183]

Package pdfscreen Warning: No overlay specified
(pdfscreen)                output will have only background color on input line 150.

[184]

Package pdfscreen Warning: No overlay specified
(pdfscreen)                output will have only background color on input line 158.

[185]

Package pdfscreen Warning: No overlay specified
(pdfscreen)                output will have only background color on input line 168.

[186]

Package pdfscreen Warning: No overlay specified
(pdfscreen)                output will have only background color on input line 182.

[187]
Package marginnote Info: Margin note 212.1 is on absolute page 212 on input line 187.
Package marginnote Info: right page because not two side mode on input line 187.
Package marginnote Info: xpos seems to be 203.20447pt on input line 187.


Package pdfscreen Warning: No overlay specified
(pdfscreen)                output will have only background color on input line 191.

[188]

Package pdfscreen Warning: No overlay specified
(pdfscreen)                output will have only background color on input line 192.

[189]
Package marginnote Info: Margin note 214.1 is on absolute page 214 on input line 197.
Package marginnote Info: right page because not two side mode on input line 197.
Package marginnote Info: xpos seems to be 163.18768pt on input line 197.


Package pdfscreen Warning: No overlay specified
(pdfscreen)                output will have only background color on input line 218.

[190

]

Package pdfscreen Warning: No overlay specified
(pdfscreen)                output will have only background color on input line 234.

[191]

Package pdfscreen Warning: No overlay specified
(pdfscreen)                output will have only background color on input line 244.

[192]

Package pdfscreen Warning: No overlay specified
(pdfscreen)                output will have only background color on input line 267.

[193]

Package pdfscreen Warning: No overlay specified
(pdfscreen)                output will have only background color on input line 275.

[194]

Package pdfscreen Warning: No overlay specified
(pdfscreen)                output will have only background color on input line 285.

[195]
Package marginnote Info: Margin note 220.1 is on absolute page 220 on input line 288.
Package marginnote Info: right page because not two side mode on input line 288.
Package marginnote Info: xpos seems to be 146.44594pt on input line 288.


Package pdfscreen Warning: No overlay specified
(pdfscreen)                output will have only background color on input line 296.

[196]

Package pdfscreen Warning: No overlay specified
(pdfscreen)                output will have only background color on input line 309.

[197]

Package pdfscreen Warning: No overlay specified
(pdfscreen)                output will have only background color on input line 330.

[198]

Package pdfscreen Warning: No overlay specified
(pdfscreen)                output will have only background color on input line 336.

[199]
Overfull \hbox (4.46158pt too wide) in paragraph at lines 349--352
[]\OT1/cmr/bx/n/10.95 Teorema: \OT1/cmss/m/n/10.95 En un es-pa-cio-tiem-po 4-dimensional esf^^Seri-ca-men-te sim^^Setri-co siem-
 []


Package pdfscreen Warning: No overlay specified
(pdfscreen)                output will have only background color on input line 355.

[200

]

Package pdfscreen Warning: No overlay specified
(pdfscreen)                output will have only background color on input line 380.

[201]

Package pdfscreen Warning: No overlay specified
(pdfscreen)                output will have only background color on input line 406.

[202]

Package pdfscreen Warning: No overlay specified
(pdfscreen)                output will have only background color on input line 422.

[203]

Package pdfscreen Warning: No overlay specified
(pdfscreen)                output will have only background color on input line 441.

[204]

Package pdfscreen Warning: No overlay specified
(pdfscreen)                output will have only background color on input line 473.

[205]

Package pdfscreen Warning: No overlay specified
(pdfscreen)                output will have only background color on input line 484.

[206]

Package pdfscreen Warning: No overlay specified
(pdfscreen)                output will have only background color on input line 508.

[207]
Package marginnote Info: Margin note 232.1 is on absolute page 232 on input line 527.
Package marginnote Info: right page because not two side mode on input line 527.
Package marginnote Info: xpos seems to be 82.5719pt on input line 527.


Package pdfscreen Warning: No overlay specified
(pdfscreen)                output will have only background color on input line 537.

[208]

Package pdfscreen Warning: No overlay specified
(pdfscreen)                output will have only background color on input line 548.

[209]

Package pdfscreen Warning: No overlay specified
(pdfscreen)                output will have only background color on input line 561.

[210]

Package pdfscreen Warning: No overlay specified
(pdfscreen)                output will have only background color on input line 573.

[211]

Package pdfscreen Warning: No overlay specified
(pdfscreen)                output will have only background color on input line 591.

[212]

Package pdfscreen Warning: No overlay specified
(pdfscreen)                output will have only background color on input line 605.

[213]

Package pdfscreen Warning: No overlay specified
(pdfscreen)                output will have only background color on input line 621.

[214]
Package marginnote Info: Margin note 239.1 is on absolute page 240 on input line 631.
Package marginnote Info: right page because not two side mode on input line 631.
Package marginnote Info: xpos seems to be 36.1442pt on input line 631.


Package pdfscreen Warning: No overlay specified
(pdfscreen)                output will have only background color on input line 634.

[215]

Package pdfscreen Warning: No overlay specified
(pdfscreen)                output will have only background color on input line 676.

[216]

Package pdfscreen Warning: No overlay specified
(pdfscreen)                output will have only background color on input line 698.

[217]

Package pdfscreen Warning: No overlay specified
(pdfscreen)                output will have only background color on input line 705.

[218]
Package marginnote Info: Margin note 243.1 is on absolute page 243 on input line 708.
Package marginnote Info: right page because not two side mode on input line 708.
Package marginnote Info: xpos seems to be 126.79062pt on input line 708.


Package pdfscreen Warning: No overlay specified
(pdfscreen)                output will have only background color on input line 713.

[219]

Package pdfscreen Warning: No overlay specified
(pdfscreen)                output will have only background color on input line 728.

[220]
Package marginnote Info: Margin note 245.1 is on absolute page 246 on input line 751.
Package marginnote Info: right page because not two side mode on input line 751.
Package marginnote Info: xpos seems to be 142.94394pt on input line 751.


Package pdfscreen Warning: No overlay specified
(pdfscreen)                output will have only background color on input line 753.

[221]

Package pdfscreen Warning: No overlay specified
(pdfscreen)                output will have only background color on input line 766.

[222]
<fig/fig-potencial-efectivo.pdf, id=4152, 433.62pt x 289.08pt>
File: fig/fig-potencial-efectivo.pdf Graphic file (type pdf)
<use fig/fig-potencial-efectivo.pdf>
Package pdftex.def Info: fig/fig-potencial-efectivo.pdf  used on input line 778.
(pdftex.def)             Requested size: 256.07178pt x 170.71652pt.


Package pdfscreen Warning: No overlay specified
(pdfscreen)                output will have only background color on input line 782.

[223]

Package pdfscreen Warning: No overlay specified
(pdfscreen)                output will have only background color on input line 784.

[224 <./fig/fig-potencial-efectivo.pdf>]

Package pdfscreen Warning: No overlay specified
(pdfscreen)                output will have only background color on input line 792.

[225]

Package pdfscreen Warning: No overlay specified
(pdfscreen)                output will have only background color on input line 803.

[226]

Package pdfscreen Warning: No overlay specified
(pdfscreen)                output will have only background color on input line 820.

[227]

Package pdfscreen Warning: No overlay specified
(pdfscreen)                output will have only background color on input line 835.

[228]

Package pdfscreen Warning: No overlay specified
(pdfscreen)                output will have only background color on input line 848.

[229]

Package pdfscreen Warning: No overlay specified
(pdfscreen)                output will have only background color on input line 868.

[230]

Package pdfscreen Warning: No overlay specified
(pdfscreen)                output will have only background color on input line 887.

[231]

Package pdfscreen Warning: No overlay specified
(pdfscreen)                output will have only background color on input line 903.

[232]

Package pdfscreen Warning: No overlay specified
(pdfscreen)                output will have only background color on input line 919.

[233]
Package marginnote Info: Margin note 258.1 is on absolute page 259 on input line 936.
Package marginnote Info: right page because not two side mode on input line 936.
Package marginnote Info: xpos seems to be 28.08202pt on input line 936.


Package pdfscreen Warning: No overlay specified
(pdfscreen)                output will have only background color on input line 939.

[234]
<fig/fig-precesion-02.pdf, id=4303, 684.5575pt x 531.9875pt>
File: fig/fig-precesion-02.pdf Graphic file (type pdf)
<use fig/fig-precesion-02.pdf>
Package pdftex.def Info: fig/fig-precesion-02.pdf  used on input line 947.
(pdftex.def)             Requested size: 183.05725pt x 142.26378pt.


Package pdfscreen Warning: No overlay specified
(pdfscreen)                output will have only background color on input line 951.

[235]

Package pdfscreen Warning: No overlay specified
(pdfscreen)                output will have only background color on input line 953.

[236 <./fig/fig-precesion-02.pdf>]
Package marginnote Info: Margin note 261.1 is on absolute page 261 on input line 964.
Package marginnote Info: right page because not two side mode on input line 964.
Package marginnote Info: xpos seems to be 170.18771pt on input line 964.


Package pdfscreen Warning: No overlay specified
(pdfscreen)                output will have only background color on input line 968.

[237]

Package pdfscreen Warning: No overlay specified
(pdfscreen)                output will have only background color on input line 970.

[238]

Package pdfscreen Warning: No overlay specified
(pdfscreen)                output will have only background color on input line 976.

[239]

Package pdfscreen Warning: No overlay specified
(pdfscreen)                output will have only background color on input line 988.

[240]

Package pdfscreen Warning: No overlay specified
(pdfscreen)                output will have only background color on input line 992.

[241]

Package pdfscreen Warning: No overlay specified
(pdfscreen)                output will have only background color on input line 1006.

[242]

Package pdfscreen Warning: No overlay specified
(pdfscreen)                output will have only background color on input line 1023.

[243]

Package pdfscreen Warning: No overlay specified
(pdfscreen)                output will have only background color on input line 1038.

[244]
<fig/fig-recta.pdf, id=4403, 562.1pt x 508.90125pt>
File: fig/fig-recta.pdf Graphic file (type pdf)
<use fig/fig-recta.pdf>
Package pdftex.def Info: fig/fig-recta.pdf  used on input line 1046.
(pdftex.def)             Requested size: 188.56412pt x 170.71652pt.


Package pdfscreen Warning: No overlay specified
(pdfscreen)                output will have only background color on input line 1051.

[245]

Package pdfscreen Warning: No overlay specified
(pdfscreen)                output will have only background color on input line 1053.

[246 <./fig/fig-recta.pdf>]

Package pdfscreen Warning: No overlay specified
(pdfscreen)                output will have only background color on input line 1071.

[247]
Package marginnote Info: Margin note 272.1 is on absolute page 272 on input line 1078.
Package marginnote Info: right page because not two side mode on input line 1078.
Package marginnote Info: xpos seems to be 87.00891pt on input line 1078.


Package pdfscreen Warning: No overlay specified
(pdfscreen)                output will have only background color on input line 1081.

[248]

Package pdfscreen Warning: No overlay specified
(pdfscreen)                output will have only background color on input line 1096.

[249]
Package marginnote Info: Margin note 274.1 is on absolute page 275 on input line 1106.
Package marginnote Info: right page because not two side mode on input line 1106.
Package marginnote Info: xpos seems to be 198.22493pt on input line 1106.


Package pdfscreen Warning: No overlay specified
(pdfscreen)                output will have only background color on input line 1108.

[250]

Package pdfscreen Warning: No overlay specified
(pdfscreen)                output will have only background color on input line 1113.

[251]

Package pdfscreen Warning: No overlay specified
(pdfscreen)                output will have only background color on input line 1120.

[252]

Package pdfscreen Warning: No overlay specified
(pdfscreen)                output will have only background color on input line 1123.

[253]

Package pdfscreen Warning: No overlay specified
(pdfscreen)                output will have only background color on input line 1137.

[254]

Package pdfscreen Warning: No overlay specified
(pdfscreen)                output will have only background color on input line 1143.

[255]
Package marginnote Info: Margin note 280.1 is on absolute page 281 on input line 1154.
Package marginnote Info: right page because not two side mode on input line 1154.
Package marginnote Info: xpos seems to be 181.2286pt on input line 1154.


Package pdfscreen Warning: No overlay specified
(pdfscreen)                output will have only background color on input line 1156.

[256]

Package pdfscreen Warning: No overlay specified
(pdfscreen)                output will have only background color on input line 1166.

[257]
Overfull \hbox (2.64856pt too wide) in paragraph at lines 1178--1180
\OT1/cmss/m/n/10.95 En el se-gun-do tra-mo, des-de $\OT1/cmr/m/n/10.95 (\OML/cmm/m/it/10.95 ct[]; r[]; ^^Y=\OT1/cmr/m/n/10.95 2\OML/cmm/m/it/10.95 ; '[]\OT1/cmr/m/n/10.95 )$ \OT1/cmss/m/n/10.95 has-ta $\OT1/cmr/m/n/10.95 (\OML/cmm/m/it/10.95 ct[]; r[]; ^^Y=\OT1/cmr/m/n/10.95 2\OML/cmm/m/it/10.95 ; '[]\OT1/cmr/m/n/10.95 )$\OT1/cmss/m/n/10.95 , te-ne-mos que $\OML/cmm/m/it/10.95 dr=dt >
 []


Package pdfscreen Warning: No overlay specified
(pdfscreen)                output will have only background color on input line 1180.

[258]

Package pdfscreen Warning: No overlay specified
(pdfscreen)                output will have only background color on input line 1191.

[259]

Package pdfscreen Warning: No overlay specified
(pdfscreen)                output will have only background color on input line 1209.

[260]
Overfull \vbox (69.20676pt too high) has occurred while \output is active []



Package pdfscreen Warning: No overlay specified
(pdfscreen)                output will have only background color on input line 1209.

[261]

Package pdfscreen Warning: No overlay specified
(pdfscreen)                output will have only background color on input line 1222.

[262]
<fig/fig-shapiro-delay-2.pdf, id=4569, 832.10875pt x 661.47125pt>
File: fig/fig-shapiro-delay-2.pdf Graphic file (type pdf)
<use fig/fig-shapiro-delay-2.pdf>
Package pdftex.def Info: fig/fig-shapiro-delay-2.pdf  used on input line 1231.
(pdftex.def)             Requested size: 214.74335pt x 170.71652pt.


Package pdfscreen Warning: No overlay specified
(pdfscreen)                output will have only background color on input line 1234.

[263]) (./cap-Agujeros-Negros.tex

Package pdfscreen Warning: No overlay specified
(pdfscreen)                output will have only background color on input line 1.

[264]

Package pdfscreen Warning: No overlay specified
(pdfscreen)                output will have only background color on input line 1.

[265 <./fig/fig-shapiro-delay-2.pdf>]
Cap\'{\i }tulo 4.

Package pdfscreen Warning: No overlay specified
(pdfscreen)                output will have only background color on input line 4.

[266

]

Package pdfscreen Warning: No overlay specified
(pdfscreen)                output will have only background color on input line 22.

[267

]

Package pdfscreen Warning: No overlay specified
(pdfscreen)                output will have only background color on input line 39.

[268]

Package pdfscreen Warning: No overlay specified
(pdfscreen)                output will have only background color on input line 47.

[269]

Package pdfscreen Warning: No overlay specified
(pdfscreen)                output will have only background color on input line 57.

[270]

Package pdfscreen Warning: No overlay specified
(pdfscreen)                output will have only background color on input line 70.

[271]

Package pdfscreen Warning: No overlay specified
(pdfscreen)                output will have only background color on input line 84.

[272]
<fig/fig-nullrays-cc-01.pdf, id=4633, 461.12274pt x 651.43375pt>
File: fig/fig-nullrays-cc-01.pdf Graphic file (type pdf)
<use fig/fig-nullrays-cc-01.pdf>
Package pdftex.def Info: fig/fig-nullrays-cc-01.pdf  used on input line 95.
(pdftex.def)             Requested size: 161.12096pt x 227.62204pt.


Package pdfscreen Warning: No overlay specified
(pdfscreen)                output will have only background color on input line 100.

[273]

Package pdfscreen Warning: No overlay specified
(pdfscreen)                output will have only background color on input line 103.

[274 <./fig/fig-nullrays-cc-01.pdf>]

Package pdfscreen Warning: No overlay specified
(pdfscreen)                output will have only background color on input line 112.

[275]

Package pdfscreen Warning: No overlay specified
(pdfscreen)                output will have only background color on input line 120.

[276]

Package pdfscreen Warning: No overlay specified
(pdfscreen)                output will have only background color on input line 131.

[277]

Package pdfscreen Warning: No overlay specified
(pdfscreen)                output will have only background color on input line 139.

[278]
Package marginnote Info: Margin note 303.1 is on absolute page 303 on input line 148.
Package marginnote Info: right page because not two side mode on input line 148.
Package marginnote Info: xpos seems to be 26.19182pt on input line 148.


Package pdfscreen Warning: No overlay specified
(pdfscreen)                output will have only background color on input line 151.

[279]
<fig/fig-nullrays-cEF.pdf, id=4703, 505.89pt x 433.62pt>
File: fig/fig-nullrays-cEF.pdf Graphic file (type pdf)
<use fig/fig-nullrays-cEF.pdf>
Package pdftex.def Info: fig/fig-nullrays-cEF.pdf  used on input line 160.
(pdftex.def)             Requested size: 199.17207pt x 170.71652pt.


Package pdfscreen Warning: No overlay specified
(pdfscreen)                output will have only background color on input line 165.

[280]
Overfull \vbox (5.23569pt too high) has occurred while \output is active []



Package pdfscreen Warning: No overlay specified
(pdfscreen)                output will have only background color on input line 165.

[281 <./fig/fig-nullrays-cEF.pdf>]

Package pdfscreen Warning: No overlay specified
(pdfscreen)                output will have only background color on input line 171.

[282]

Package pdfscreen Warning: No overlay specified
(pdfscreen)                output will have only background color on input line 185.

[283]
Overfull \hbox (14.93936pt too wide) detected at line 195
[][][]\OML/cmm/m/it/10.95 c\OT1/cmr/m/n/10.95 (\OML/cmm/m/it/10.95 t \OMS/cmsy/m/n/10.95 ^^@ \OML/cmm/m/it/10.95 t[]\OT1/cmr/m/n/10.95 ) = \OMS/cmsy/m/n/10.95 ^^@[] [] \OT1/cmr/m/n/10.95 + 2\OML/cmm/m/it/10.95 m [] [] :
 []


Package pdfscreen Warning: No overlay specified
(pdfscreen)                output will have only background color on input line 195.

[284]

Package pdfscreen Warning: No overlay specified
(pdfscreen)                output will have only background color on input line 928.

[285]

Package pdfscreen Warning: No overlay specified
(pdfscreen)                output will have only background color on input line 944.

[286

]
<fig/fig-colapso.pdf, id=4792, 794.97pt x 614.295pt>
File: fig/fig-colapso.pdf Graphic file (type pdf)
<use fig/fig-colapso.pdf>
Package pdftex.def Info: fig/fig-colapso.pdf  used on input line 947.
(pdftex.def)             Requested size: 257.74355pt x 199.16928pt.
) (./cap-Agujeros-Negros-Rotantes.tex

Package pdfscreen Warning: No overlay specified
(pdfscreen)                output will have only background color on input line 1.

[287]
Overfull \vbox (20.69676pt too high) has occurred while \output is active []



Package pdfscreen Warning: No overlay specified
(pdfscreen)                output will have only background color on input line 1.

[288 <./fig/fig-colapso.pdf>]
Cap\'{\i }tulo 5.

Package pdfscreen Warning: No overlay specified
(pdfscreen)                output will have only background color on input line 4.

[289

]
Overfull \vbox (16.39pt too high) has occurred while \output is active []



Package pdfscreen Warning: No overlay specified
(pdfscreen)                output will have only background color on input line 4.

[290]

Package pdfscreen Warning: No overlay specified
(pdfscreen)                output will have only background color on input line 10.

[291]

Package pdfscreen Warning: No overlay specified
(pdfscreen)                output will have only background color on input line 32.

[292

]

Package pdfscreen Warning: No overlay specified
(pdfscreen)                output will have only background color on input line 41.

[293]

Package pdfscreen Warning: No overlay specified
(pdfscreen)                output will have only background color on input line 57.

[294]

Package pdfscreen Warning: No overlay specified
(pdfscreen)                output will have only background color on input line 445.

[295]
<fig/fig-superficies-1.pdf, id=4888, 462.52798pt x 346.89601pt>
File: fig/fig-superficies-1.pdf Graphic file (type pdf)
<use fig/fig-superficies-1.pdf>
Package pdftex.def Info: fig/fig-superficies-1.pdf  used on input line 461.
(pdftex.def)             Requested size: 265.55629pt x 199.16928pt.


Package pdfscreen Warning: No overlay specified
(pdfscreen)                output will have only background color on input line 464.

[296]

Package pdfscreen Warning: No overlay specified
(pdfscreen)                output will have only background color on input line 465.

[297]
Overfull \vbox (8.08844pt too high) has occurred while \output is active []



Package pdfscreen Warning: No overlay specified
(pdfscreen)                output will have only background color on input line 465.

[298 <./fig/fig-superficies-1.pdf>]
Underfull \hbox (badness 1048) in paragraph at lines 476--476
[][][]\OT1/cmr/m/n/9 Sir Ro-ger Pen-ro-se (1931-) f^^S^^Psico-matem^^Sati-co ingl^^Ses, [][]$\OT1/cmtt/m/n/9 http : / / es . wikipedia . org / wiki / Roger _
 []


Underfull \hbox (badness 10000) in paragraph at lines 475--477

 []


Package pdfscreen Warning: No overlay specified
(pdfscreen)                output will have only background color on input line 477.

[299]
<fig/fig-superficies-2.pdf, id=4967, 462.52798pt x 346.89601pt>
File: fig/fig-superficies-2.pdf Graphic file (type pdf)
<use fig/fig-superficies-2.pdf>
Package pdftex.def Info: fig/fig-superficies-2.pdf  used on input line 489.
(pdftex.def)             Requested size: 265.55629pt x 199.16928pt.


Package pdfscreen Warning: No overlay specified
(pdfscreen)                output will have only background color on input line 493.

[300]
Overfull \vbox (21.68845pt too high) has occurred while \output is active []



Package pdfscreen Warning: No overlay specified
(pdfscreen)                output will have only background color on input line 493.

[301 <./fig/fig-superficies-2.pdf>]
Underfull \hbox (badness 10000) in paragraph at lines 494--495

 []


Underfull \hbox (badness 10000) in paragraph at lines 496--497

 []

<fig/fig-superficies-3.pdf, id=5033, 462.52798pt x 346.89601pt>
File: fig/fig-superficies-3.pdf Graphic file (type pdf)
<use fig/fig-superficies-3.pdf>
Package pdftex.def Info: fig/fig-superficies-3.pdf  used on input line 500.
(pdftex.def)             Requested size: 265.55629pt x 199.16928pt.

Package pdfscreen Warning: No overlay specified
(pdfscreen)                output will have only background color on input line 504.

[302]
Overfull \vbox (21.68845pt too high) has occurred while \output is active []



Package pdfscreen Warning: No overlay specified
(pdfscreen)                output will have only background color on input line 504.

[303 <./fig/fig-superficies-3.pdf>]

Package pdfscreen Warning: No overlay specified
(pdfscreen)                output will have only background color on input line 519.

[304]

Package pdfscreen Warning: No overlay specified
(pdfscreen)                output will have only background color on input line 538.

[305]
Underfull \hbox (badness 10000) in paragraph at lines 545--546

 []


Package pdfscreen Warning: No overlay specified
(pdfscreen)                output will have only background color on input line 555.

[306]
Overfull \hbox (2.77423pt too wide) detected at line 565
[][][][] [][] \OMS/cmsy/m/n/10.95 ^^@ [] [] ^^@ [] [][] \OT1/cmr/m/n/10.95 + [] = 0\OML/cmm/m/it/10.95 :
 []


Package pdfscreen Warning: No overlay specified
(pdfscreen)                output will have only background color on input line 574.

[307]
Overfull \hbox (9.1854pt too wide) detected at line 585
[][][][]\OT1/cmr/m/n/10.95 (\OML/cmm/m/it/10.95 c[] \OMS/cmsy/m/n/10.95 ^^@ \OML/cmm/m/it/10.95 a [][] ^^R[]\OT1/cmr/m/n/10.95 )[] \OMS/cmsy/m/n/10.95 ^^@ \OT1/cmr/m/n/10.95 2\OML/cmm/m/it/10.95 a\OT1/cmr/m/n/10.95 ^^A[](\OML/cmm/m/it/10.95 c[] \OMS/cmsy/m/n/10.95 ^^@ \OML/cmm/m/it/10.95 a [][] ^^R[]\OT1/cmr/m/n/10.95 ) \OMS/cmsy/m/n/10.95 ^^@ [] [][] \OT1/cmr/m/n/10.95 = 0\OML/cmm/m/it/10.95 :
 []


Package pdfscreen Warning: No overlay specified
(pdfscreen)                output will have only background color on input line 595.

[308]

Package pdfscreen Warning: No overlay specified
(pdfscreen)                output will have only background color on input line 615.

[309]

Package pdfscreen Warning: No overlay specified
(pdfscreen)                output will have only background color on input line 630.

[310]

Package pdfscreen Warning: No overlay specified
(pdfscreen)                output will have only background color on input line 638.

[311]

Package pdfscreen Warning: No overlay specified
(pdfscreen)                output will have only background color on input line 656.

[312]
Overfull \hbox (3.52515pt too wide) detected at line 666
[][][][]
 []

<fig/fig-delta.pdf, id=5196, 575.14874pt x 303.1325pt>
File: fig/fig-delta.pdf Graphic file (type pdf)
<use fig/fig-delta.pdf>
Package pdftex.def Info: fig/fig-delta.pdf  used on input line 672.
(pdftex.def)             Requested size: 215.94353pt x 113.81102pt.

Package pdfscreen Warning: No overlay specified
(pdfscreen)                output will have only background color on input line 676.

[313]

Package pdfscreen Warning: No overlay specified
(pdfscreen)                output will have only background color on input line 678.

[314 <./fig/fig-delta.pdf>]
Overfull \hbox (3.12515pt too wide) detected at line 688
[][][][][]
 []


Underfull \hbox (badness 10000) in paragraph at lines 696--698

 []


Package pdfscreen Warning: No overlay specified
(pdfscreen)                output will have only background color on input line 698.

[315]
<fig/fig-conos1.pdf, id=5223, 787.94376pt x 591.20876pt>
File: fig/fig-conos1.pdf Graphic file (type pdf)
<use fig/fig-conos1.pdf>
Package pdftex.def Info: fig/fig-conos1.pdf  used on input line 705.
(pdftex.def)             Requested size: 227.52397pt x 170.71652pt.


Package pdfscreen Warning: No overlay specified
(pdfscreen)                output will have only background color on input line 709.

[316]

Package pdfscreen Warning: No overlay specified
(pdfscreen)                output will have only background color on input line 711.

[317 <./fig/fig-conos1.pdf>]

Package pdfscreen Warning: No overlay specified
(pdfscreen)                output will have only background color on input line 730.

[318]

Package pdfscreen Warning: No overlay specified
(pdfscreen)                output will have only background color on input line 751.

[319]
<fig/fig-conos2.pdf, id=5255, 808.01875pt x 570.13pt>
File: fig/fig-conos2.pdf Graphic file (type pdf)
<use fig/fig-conos2.pdf>
Package pdftex.def Info: fig/fig-conos2.pdf  used on input line 756.
(pdftex.def)             Requested size: 241.93898pt x 170.71652pt.

Underfull \hbox (badness 10000) in paragraph at lines 753--759

 []


Package pdfscreen Warning: No overlay specified
(pdfscreen)                output will have only background color on input line 760.

[320]

Package pdfscreen Warning: No overlay specified
(pdfscreen)                output will have only background color on input line 765.

[321 <./fig/fig-conos2.pdf>]

Package pdfscreen Warning: No overlay specified
(pdfscreen)                output will have only background color on input line 780.

[322]
Underfull \hbox (badness 10000) in paragraph at lines 787--788

 []

<fig/fig-omega-ecuatorial.pdf, id=5291, 505.89pt x 361.35pt>
File: fig/fig-omega-ecuatorial.pdf Graphic file (type pdf)
<use fig/fig-omega-ecuatorial.pdf>
Package pdftex.def Info: fig/fig-omega-ecuatorial.pdf  used on input line 791.
(pdftex.def)             Requested size: 278.83473pt x 199.16928pt.

Package pdfscreen Warning: No overlay specified
(pdfscreen)                output will have only background color on input line 795.

[323]
Overfull \vbox (21.68845pt too high) has occurred while \output is active []



Package pdfscreen Warning: No overlay specified
(pdfscreen)                output will have only background color on input line 795.

[324 <./fig/fig-omega-ecuatorial.pdf>]

Package pdfscreen Warning: No overlay specified
(pdfscreen)                output will have only background color on input line 843.

[325]
Underfull \hbox (badness 1490) in paragraph at lines 847--847
[][][]\OT1/cmr/m/n/9 Brandon Car-ter (1942) f^^S^^Psi-co te^^Sori-co aus-tra-liano [][]$\OT1/cmtt/m/n/9 http : / / en . wikipedia . org / wiki / Brandon _
 []


Package pdfscreen Warning: No overlay specified
(pdfscreen)                output will have only background color on input line 855.

[326

]

Package pdfscreen Warning: No overlay specified
(pdfscreen)                output will have only background color on input line 875.

[327]

Package pdfscreen Warning: No overlay specified
(pdfscreen)                output will have only background color on input line 894.

[328]

Package pdfscreen Warning: No overlay specified
(pdfscreen)                output will have only background color on input line 911.

[329]
Underfull \hbox (badness 10000) in paragraph at lines 913--914

 []


Package pdfscreen Warning: No overlay specified
(pdfscreen)                output will have only background color on input line 924.

[330]
<fig/fig-rf-versus-a.pdf, id=5407, 578.16pt x 433.62pt>
File: fig/fig-rf-versus-a.pdf Graphic file (type pdf)
<use fig/fig-rf-versus-a.pdf>
Package pdftex.def Info: fig/fig-rf-versus-a.pdf  used on input line 927.
(pdftex.def)             Requested size: 303.49443pt x 227.62204pt.


Package pdfscreen Warning: No overlay specified
(pdfscreen)                output will have only background color on input line 932.

[331]
Overfull \vbox (48.5412pt too high) has occurred while \output is active []



Package pdfscreen Warning: No overlay specified
(pdfscreen)                output will have only background color on input line 932.

[332 <./fig/fig-rf-versus-a.pdf>]
<fig/fig-Ecirc.pdf, id=5454, 578.16pt x 433.62pt>
File: fig/fig-Ecirc.pdf Graphic file (type pdf)
<use fig/fig-Ecirc.pdf>
Package pdftex.def Info: fig/fig-Ecirc.pdf  used on input line 935.
(pdftex.def)             Requested size: 303.49443pt x 227.62204pt.

Overfull \vbox (62.1412pt too high) has occurred while \output is active []



Package pdfscreen Warning: No overlay specified
(pdfscreen)                output will have only background color on input line 940.

[333 <./fig/fig-Ecirc.pdf>]

Package pdfscreen Warning: No overlay specified
(pdfscreen)                output will have only background color on input line 957.

[334]

Package pdfscreen Warning: No overlay specified
(pdfscreen)                output will have only background color on input line 978.

[335]
Underfull \hbox (badness 10000) in paragraph at lines 980--981

 []

<fig/fig-rle-versus-a.pdf, id=5524, 578.16pt x 433.62pt>
File: fig/fig-rle-versus-a.pdf Graphic file (type pdf)
<use fig/fig-rle-versus-a.pdf>
Package pdftex.def Info: fig/fig-rle-versus-a.pdf  used on input line 984.
(pdftex.def)             Requested size: 303.49443pt x 227.62204pt.

Package pdfscreen Warning: No overlay specified
(pdfscreen)                output will have only background color on input line 989.

[336]
Overfull \vbox (48.5412pt too high) has occurred while \output is active []



Package pdfscreen Warning: No overlay specified
(pdfscreen)                output will have only background color on input line 989.

[337 <./fig/fig-rle-versus-a.pdf>]
<fig/fig-Ele-versus-a.pdf, id=5570, 578.16pt x 433.62pt>
File: fig/fig-Ele-versus-a.pdf Graphic file (type pdf)
<use fig/fig-Ele-versus-a.pdf>
Package pdftex.def Info: fig/fig-Ele-versus-a.pdf  used on input line 992.
(pdftex.def)             Requested size: 303.49443pt x 227.62204pt.

Overfull \vbox (48.5412pt too high) has occurred while \output is active []



Package pdfscreen Warning: No overlay specified
(pdfscreen)                output will have only background color on input line 997.

[338 <./fig/fig-Ele-versus-a.pdf>]

Package pdfscreen Warning: No overlay specified
(pdfscreen)                output will have only background color on input line 1052.

[339]

Package pdfscreen Warning: No overlay specified
(pdfscreen)                output will have only background color on input line 1064.

[340]

Package pdfscreen Warning: No overlay specified
(pdfscreen)                output will have only background color on input line 1072.

[341]

Package pdfscreen Warning: No overlay specified
(pdfscreen)                output will have only background color on input line 1082.

[342]

Package pdfscreen Warning: No overlay specified
(pdfscreen)                output will have only background color on input line 1096.

[343]

Package pdfscreen Warning: No overlay specified
(pdfscreen)                output will have only background color on input line 1109.

[344]
Underfull \hbox (badness 10000) in paragraph at lines 1118--1119

 []


Package pdfscreen Warning: No overlay specified
(pdfscreen)                output will have only background color on input line 1123.

[345]

Package pdfscreen Warning: No overlay specified
(pdfscreen)                output will have only background color on input line 1141.

[346]

Package pdfscreen Warning: No overlay specified
(pdfscreen)                output will have only background color on input line 1156.

[347]

Package pdfscreen Warning: No overlay specified
(pdfscreen)                output will have only background color on input line 1170.

[348]
Underfull \hbox (badness 10000) in paragraph at lines 1176--1177

 []

) (./cap-Campos-Debiles-y-ondas.tex

Package pdfscreen Warning: No overlay specified
(pdfscreen)                output will have only background color on input line 1.

[349]
Cap\'{\i }tulo 6.

Package pdfscreen Warning: No overlay specified
(pdfscreen)                output will have only background color on input line 3.

[350

]

LaTeX Warning: Command \guillemotleft invalid in math mode on input line 19.


Package pdfscreen Warning: No overlay specified
(pdfscreen)                output will have only background color on input line 24.

[351

]

Package pdfscreen Warning: No overlay specified
(pdfscreen)                output will have only background color on input line 48.

[352]

Package pdfscreen Warning: No overlay specified
(pdfscreen)                output will have only background color on input line 61.

[353]

Package pdfscreen Warning: No overlay specified
(pdfscreen)                output will have only background color on input line 68.

[354]

Package pdfscreen Warning: No overlay specified
(pdfscreen)                output will have only background color on input line 88.

[355]

Package pdfscreen Warning: No overlay specified
(pdfscreen)                output will have only background color on input line 107.

[356]

Package pdfscreen Warning: No overlay specified
(pdfscreen)                output will have only background color on input line 126.

[357]

Package pdfscreen Warning: No overlay specified
(pdfscreen)                output will have only background color on input line 144.

[358]

Package pdfscreen Warning: No overlay specified
(pdfscreen)                output will have only background color on input line 146.

[359]

Package pdfscreen Warning: No overlay specified
(pdfscreen)                output will have only background color on input line 163.

[360

]

Package pdfscreen Warning: No overlay specified
(pdfscreen)                output will have only background color on input line 175.

[361

]

Package pdfscreen Warning: No overlay specified
(pdfscreen)                output will have only background color on input line 196.

[362]
Package marginnote Info: Margin note 387.1 is on absolute page 387 on input line 199.
Package marginnote Info: right page because not two side mode on input line 199.
Package marginnote Info: xpos seems to be 107.53696pt on input line 199.


Package pdfscreen Warning: No overlay specified
(pdfscreen)                output will have only background color on input line 209.

[363]
Package marginnote Info: Margin note 388.1 is on absolute page 389 on input line 223.
Package marginnote Info: right page because not two side mode on input line 223.
Package marginnote Info: xpos seems to be 197.63193pt on input line 223.


Package pdfscreen Warning: No overlay specified
(pdfscreen)                output will have only background color on input line 224.

[364]

Package pdfscreen Warning: No overlay specified
(pdfscreen)                output will have only background color on input line 244.

[365]
Package marginnote Info: Margin note 390.1 is on absolute page 390 on input line 258.
Package marginnote Info: right page because not two side mode on input line 258.
Package marginnote Info: xpos seems to be 134.7468pt on input line 258.


Package pdfscreen Warning: No overlay specified
(pdfscreen)                output will have only background color on input line 263.

[366]

Package pdfscreen Warning: No overlay specified
(pdfscreen)                output will have only background color on input line 277.

[367]

Package pdfscreen Warning: No overlay specified
(pdfscreen)                output will have only background color on input line 297.

[368]

Package pdfscreen Warning: No overlay specified
(pdfscreen)                output will have only background color on input line 309.

[369]

Package pdfscreen Warning: No overlay specified
(pdfscreen)                output will have only background color on input line 319.

[370]

Package pdfscreen Warning: No overlay specified
(pdfscreen)                output will have only background color on input line 334.

[371

]

Package pdfscreen Warning: No overlay specified
(pdfscreen)                output will have only background color on input line 356.

[372]

Package pdfscreen Warning: No overlay specified
(pdfscreen)                output will have only background color on input line 372.

[373]

Package pdfscreen Warning: No overlay specified
(pdfscreen)                output will have only background color on input line 399.

[374]
Package marginnote Info: Margin note 399.1 is on absolute page 399 on input line 406.
Package marginnote Info: right page because not two side mode on input line 406.
Package marginnote Info: xpos seems to be 22.74867pt on input line 406.


Package pdfscreen Warning: No overlay specified
(pdfscreen)                output will have only background color on input line 412.

[375]

Package pdfscreen Warning: No overlay specified
(pdfscreen)                output will have only background color on input line 426.

[376]

Package pdfscreen Warning: No overlay specified
(pdfscreen)                output will have only background color on input line 427.

[377]

Package pdfscreen Warning: No overlay specified
(pdfscreen)                output will have only background color on input line 441.

[378

]

Package pdfscreen Warning: No overlay specified
(pdfscreen)                output will have only background color on input line 453.

[379]

Package pdfscreen Warning: No overlay specified
(pdfscreen)                output will have only background color on input line 463.

[380]

Package pdfscreen Warning: No overlay specified
(pdfscreen)                output will have only background color on input line 472.

[381]

Package pdfscreen Warning: No overlay specified
(pdfscreen)                output will have only background color on input line 486.

[382]

Package pdfscreen Warning: No overlay specified
(pdfscreen)                output will have only background color on input line 497.

[383]
<fig/fig-onda-grav-mas.pdf, id=6007, 769.87625pt x 119.44624pt>
File: fig/fig-onda-grav-mas.pdf Graphic file (type pdf)
<use fig/fig-onda-grav-mas.pdf>
Package pdftex.def Info: fig/fig-onda-grav-mas.pdf  used on input line 500.
(pdftex.def)             Requested size: 385.11339pt x 59.75095pt.
<fig/fig-onda-grav-cruz.pdf, id=6008, 771.88374pt x 119.44624pt>
File: fig/fig-onda-grav-cruz.pdf Graphic file (type pdf)
<use fig/fig-onda-grav-cruz.pdf>
Package pdftex.def Info: fig/fig-onda-grav-cruz.pdf  used on input line 501.
(pdftex.def)             Requested size: 386.11758pt x 59.75095pt.
<fig/fig-onda-grav-circular.pdf, id=6009, 727.71875pt x 119.44624pt>
File: fig/fig-onda-grav-circular.pdf Graphic file (type pdf)
<use fig/fig-onda-grav-circular.pdf>
Package pdftex.def Info: fig/fig-onda-grav-circular.pdf  used on input line 502.
(pdftex.def)             Requested size: 364.02504pt x 59.75095pt.


Package pdfscreen Warning: No overlay specified
(pdfscreen)                output will have only background color on input line 506.

[384]
Overfull \vbox (4.38033pt too high) has occurred while \output is active []



Package pdfscreen Warning: No overlay specified
(pdfscreen)                output will have only background color on input line 506.

[385 <./fig/fig-onda-grav-mas.pdf> <./fig/fig-onda-grav-cruz.pdf> <./fig/fig-onda-grav-circular.pdf>]
<fig/fig-LIGO.pdf, id=6029, 719.68875pt x 449.68pt>
File: fig/fig-LIGO.pdf Graphic file (type pdf)
<use fig/fig-LIGO.pdf>
Package pdftex.def Info: fig/fig-LIGO.pdf  used on input line 529.
(pdftex.def)             Requested size: 227.68051pt x 142.26378pt.


Package pdfscreen Warning: No overlay specified
(pdfscreen)                output will have only background color on input line 533.

[386]

Package pdfscreen Warning: No overlay specified
(pdfscreen)                output will have only background color on input line 534.

[387 <./fig/fig-LIGO.pdf>]

Package pdfscreen Warning: No overlay specified
(pdfscreen)                output will have only background color on input line 544.

[388

]

Package pdfscreen Warning: No overlay specified
(pdfscreen)                output will have only background color on input line 552.

[389]

Package pdfscreen Warning: No overlay specified
(pdfscreen)                output will have only background color on input line 563.

[390]

Package pdfscreen Warning: No overlay specified
(pdfscreen)                output will have only background color on input line 582.

[391]

Package pdfscreen Warning: No overlay specified
(pdfscreen)                output will have only background color on input line 593.

[392]
Overfull \hbox (39.56488pt too wide) in alignment at lines 595--609
 [][][] []
 []


Package pdfscreen Warning: No overlay specified
(pdfscreen)                output will have only background color on input line 611.

[393]) (./cap-Campos-Debiles-y-ondas-2.tex

Package pdfscreen Warning: No overlay specified
(pdfscreen)                output will have only background color on input line 1.

[394]

Package hyperref Warning: Difference (2) between bookmark levels is greater 
(hyperref)                than one, level fixed on input line 2.


Package pdfscreen Warning: No overlay specified
(pdfscreen)                output will have only background color on input line 18.

[395

]
Overfull \hbox (15.86139pt too wide) detected at line 27
[]
 []


Package pdfscreen Warning: No overlay specified
(pdfscreen)                output will have only background color on input line 27.

[396]
Overfull \hbox (25.83563pt too wide) detected at line 36
[]
 []


Package pdfscreen Warning: No overlay specified
(pdfscreen)                output will have only background color on input line 36.

[397]

Package pdfscreen Warning: No overlay specified
(pdfscreen)                output will have only background color on input line 55.

[398]

Package pdfscreen Warning: No overlay specified
(pdfscreen)                output will have only background color on input line 64.

[399]

Package pdfscreen Warning: No overlay specified
(pdfscreen)                output will have only background color on input line 79.

[400]

Package pdfscreen Warning: No overlay specified
(pdfscreen)                output will have only background color on input line 92.

[401]

Package pdfscreen Warning: No overlay specified
(pdfscreen)                output will have only background color on input line 114.

[402

]

Package pdfscreen Warning: No overlay specified
(pdfscreen)                output will have only background color on input line 123.

[403]

Package pdfscreen Warning: No overlay specified
(pdfscreen)                output will have only background color on input line 133.

[404]
Overfull \hbox (1.27957pt too wide) in paragraph at lines 141--141
[][]\OT1/cmr/bx/n/12 Tensor de energ^^S^^Pa-momentum del cam-po gra-vi-ta-cio-nal: con gau-
 []


Package pdfscreen Warning: No overlay specified
(pdfscreen)                output will have only background color on input line 150.

[405]

Package pdfscreen Warning: No overlay specified
(pdfscreen)                output will have only background color on input line 169.

[406]

Package pdfscreen Warning: No overlay specified
(pdfscreen)                output will have only background color on input line 181.

[407]

Package pdfscreen Warning: No overlay specified
(pdfscreen)                output will have only background color on input line 192.

[408]

Package pdfscreen Warning: No overlay specified
(pdfscreen)                output will have only background color on input line 212.

[409]

Package pdfscreen Warning: No overlay specified
(pdfscreen)                output will have only background color on input line 229.

[410]

Package pdfscreen Warning: No overlay specified
(pdfscreen)                output will have only background color on input line 237.

[411]

Package pdfscreen Warning: No overlay specified
(pdfscreen)                output will have only background color on input line 244.

[412

]

Package pdfscreen Warning: No overlay specified
(pdfscreen)                output will have only background color on input line 257.

[413]

Package pdfscreen Warning: No overlay specified
(pdfscreen)                output will have only background color on input line 269.

[414]

Package pdfscreen Warning: No overlay specified
(pdfscreen)                output will have only background color on input line 287.

[415]

Package pdfscreen Warning: No overlay specified
(pdfscreen)                output will have only background color on input line 308.

[416]

Package pdfscreen Warning: No overlay specified
(pdfscreen)                output will have only background color on input line 315.

[417]

Package pdfscreen Warning: No overlay specified
(pdfscreen)                output will have only background color on input line 329.

[418]

Package pdfscreen Warning: No overlay specified
(pdfscreen)                output will have only background color on input line 339.

[419]

Package pdfscreen Warning: No overlay specified
(pdfscreen)                output will have only background color on input line 349.

[420]

Package pdfscreen Warning: No overlay specified
(pdfscreen)                output will have only background color on input line 368.

[421]

Package pdfscreen Warning: No overlay specified
(pdfscreen)                output will have only background color on input line 389.

[422]

Package pdfscreen Warning: No overlay specified
(pdfscreen)                output will have only background color on input line 398.

[423]

Package pdfscreen Warning: No overlay specified
(pdfscreen)                output will have only background color on input line 413.

[424]

Package pdfscreen Warning: No overlay specified
(pdfscreen)                output will have only background color on input line 424.

[425]

Package pdfscreen Warning: No overlay specified
(pdfscreen)                output will have only background color on input line 448.

[426]

Package pdfscreen Warning: No overlay specified
(pdfscreen)                output will have only background color on input line 463.

[427]

Package pdfscreen Warning: No overlay specified
(pdfscreen)                output will have only background color on input line 472.

[428]

Package pdfscreen Warning: No overlay specified
(pdfscreen)                output will have only background color on input line 474.

[429]
Package marginnote Info: Margin note 454.1 is on absolute page 454 on input line 479.
Package marginnote Info: right page because not two side mode on input line 479.
Package marginnote Info: xpos seems to be 166.98018pt on input line 479.


Package pdfscreen Warning: No overlay specified
(pdfscreen)                output will have only background color on input line 491.

[430]

Package pdfscreen Warning: No overlay specified
(pdfscreen)                output will have only background color on input line 499.

[431]
<fig/fig-HT.pdf, id=6449, 485.74565pt x 555.81204pt>
File: fig/fig-HT.pdf Graphic file (type pdf)
<use fig/fig-HT.pdf>
Package pdftex.def Info: fig/fig-HT.pdf  used on input line 504.
(pdftex.def)             Requested size: 174.0604pt x 199.16928pt.


Package pdfscreen Warning: No overlay specified
(pdfscreen)                output will have only background color on input line 508.

[432]
Overfull \vbox (35.28845pt too high) has occurred while \output is active []



Package pdfscreen Warning: No overlay specified
(pdfscreen)                output will have only background color on input line 508.

[433 <./fig/fig-HT.pdf>]

Package pdfscreen Warning: No overlay specified
(pdfscreen)                output will have only background color on input line 528.

[434]) (./cap-Cosmologia.tex

Package pdfscreen Warning: No overlay specified
(pdfscreen)                output will have only background color on input line 1.

[435]
Cap\'{\i }tulo 7.

Package pdfscreen Warning: No overlay specified
(pdfscreen)                output will have only background color on input line 9.

[436

]
Overfull \vbox (16.39pt too high) has occurred while \output is active []



Package pdfscreen Warning: No overlay specified
(pdfscreen)                output will have only background color on input line 9.

[437]

Package pdfscreen Warning: No overlay specified
(pdfscreen)                output will have only background color on input line 9.

[438]

Package pdfscreen Warning: No overlay specified
(pdfscreen)                output will have only background color on input line 9.

[439]

Package pdfscreen Warning: No overlay specified
(pdfscreen)                output will have only background color on input line 19.

[440

]

Package pdfscreen Warning: No overlay specified
(pdfscreen)                output will have only background color on input line 34.

[441]

Package pdfscreen Warning: No overlay specified
(pdfscreen)                output will have only background color on input line 51.

[442]

Package pdfscreen Warning: No overlay specified
(pdfscreen)                output will have only background color on input line 62.

[443]

Package pdfscreen Warning: No overlay specified
(pdfscreen)                output will have only background color on input line 76.

[444

]
Package marginnote Info: Margin note 469.1 is on absolute page 470 on input line 95.
Package marginnote Info: right page because not two side mode on input line 95.
Package marginnote Info: xpos seems to be 95.4293pt on input line 95.


Package pdfscreen Warning: No overlay specified
(pdfscreen)                output will have only background color on input line 96.

[445]

Package pdfscreen Warning: No overlay specified
(pdfscreen)                output will have only background color on input line 135.

[446]

Package pdfscreen Warning: No overlay specified
(pdfscreen)                output will have only background color on input line 155.

[447

]

Package pdfscreen Warning: No overlay specified
(pdfscreen)                output will have only background color on input line 161.

[448]

Package pdfscreen Warning: No overlay specified
(pdfscreen)                output will have only background color on input line 184.

[449

]

Package pdfscreen Warning: No overlay specified
(pdfscreen)                output will have only background color on input line 198.

[450]

Package pdfscreen Warning: No overlay specified
(pdfscreen)                output will have only background color on input line 220.

[451]
Package marginnote Info: Margin note 476.1 is on absolute page 476 on input line 221.
Package marginnote Info: right page because not two side mode on input line 221.
Package marginnote Info: xpos seems to be 190.09554pt on input line 221.


Package pdfscreen Warning: No overlay specified
(pdfscreen)                output will have only background color on input line 236.

[452]

Package pdfscreen Warning: No overlay specified
(pdfscreen)                output will have only background color on input line 248.

[453]

LaTeX Warning: Citation `Hubble1' on page 454 undefined on input line 253.


LaTeX Warning: Citation `Hubble2' on page 454 undefined on input line 253.

<fig/ajuste.pdf, id=6628, 578.16pt x 433.62pt>
File: fig/ajuste.pdf Graphic file (type pdf)
<use fig/ajuste.pdf>
Package pdftex.def Info: fig/ajuste.pdf  used on input line 256.
(pdftex.def)             Requested size: 288.3559pt x 216.2669pt.

LaTeX Warning: Citation `Hubble1' on page 454 undefined on input line 257.


LaTeX Warning: Citation `Hubble1' on page 454 undefined on input line 257.


LaTeX Warning: Float too large for page by 39.3944pt on input line 259.


Underfull \hbox (badness 10000) in paragraph at lines 248--261

 []


Package pdfscreen Warning: No overlay specified
(pdfscreen)                output will have only background color on input line 266.

[454]

Package pdfscreen Warning: No overlay specified
(pdfscreen)                output will have only background color on input line 266.

[455 <./fig/ajuste.pdf>]
Underfull \hbox (badness 10000) in paragraph at lines 267--271

 []

<fig/paralaje3.pdf, id=6680, 421.28488pt x 92.92043pt>
File: fig/paralaje3.pdf Graphic file (type pdf)
<use fig/paralaje3.pdf>
Package pdftex.def Info: fig/paralaje3.pdf  used on input line 277.
(pdftex.def)             Requested size: 329.55229pt x 72.68747pt.

LaTeX Warning: `h' float specifier changed to `ht'.


Package pdfscreen Warning: No overlay specified
(pdfscreen)                output will have only background color on input line 284.

[456

]

Package pdfscreen Warning: No overlay specified
(pdfscreen)                output will have only background color on input line 290.

[457 <./fig/paralaje3.pdf>]
Underfull \hbox (badness 10000) in paragraph at lines 295--300

 []


Package pdfscreen Warning: No overlay specified
(pdfscreen)                output will have only background color on input line 300.

[458]

Package pdfscreen Warning: No overlay specified
(pdfscreen)                output will have only background color on input line 307.

[459]

LaTeX Warning: Citation `Hubble2' on page 460 undefined on input line 318.


Underfull \hbox (badness 10000) in paragraph at lines 307--320

 []


Package pdfscreen Warning: No overlay specified
(pdfscreen)                output will have only background color on input line 322.

[460]

Package pdfscreen Warning: No overlay specified
(pdfscreen)                output will have only background color on input line 335.

[461]

Package hyperref Warning: Difference (2) between bookmark levels is greater 
(hyperref)                than one, level fixed on input line 335.


LaTeX Warning: Citation `ceph2' on page 462 undefined on input line 349.

<fig/cepheid.png, id=6731, 486.81876pt x 124.465pt>
File: fig/cepheid.png Graphic file (type png)
<use fig/cepheid.png>
Package pdftex.def Info: fig/cepheid.png  used on input line 357.
(pdftex.def)             Requested size: 329.55229pt x 84.25714pt.

LaTeX Warning: Citation `ceph' on page 462 undefined on input line 358.


LaTeX Warning: Citation `ceph' on page 462 undefined on input line 358.


Underfull \hbox (badness 10000) in paragraph at lines 335--361

 []


Package pdfscreen Warning: No overlay specified
(pdfscreen)                output will have only background color on input line 361.

[462]

Package pdfscreen Warning: No overlay specified
(pdfscreen)                output will have only background color on input line 361.

[463]

Package pdfscreen Warning: No overlay specified
(pdfscreen)                output will have only background color on input line 366.

[464 <./fig/cepheid.png>]
Underfull \hbox (badness 10000) in paragraph at lines 367--373

 []


Package pdfscreen Warning: No overlay specified
(pdfscreen)                output will have only background color on input line 373.

[465]

Package pdfscreen Warning: No overlay specified
(pdfscreen)                output will have only background color on input line 392.

[466]

Package pdfscreen Warning: No overlay specified
(pdfscreen)                output will have only background color on input line 409.

[467]
Underfull \hbox (badness 10000) in paragraph at lines 417--420

 []


Package pdfscreen Warning: No overlay specified
(pdfscreen)                output will have only background color on input line 423.

[468]

Package pdfscreen Warning: No overlay specified
(pdfscreen)                output will have only background color on input line 437.

[469]

Package pdfscreen Warning: No overlay specified
(pdfscreen)                output will have only background color on input line 445.

[470]

Package pdfscreen Warning: No overlay specified
(pdfscreen)                output will have only background color on input line 459.

[471]
<fig/dangular.pdf, id=6811, 299.54604pt x 294.05351pt>
File: fig/dangular.pdf Graphic file (type pdf)
<use fig/dangular.pdf>
Package pdftex.def Info: fig/dangular.pdf  used on input line 466.
(pdftex.def)             Requested size: 123.58289pt x 121.31651pt.


LaTeX Warning: `h' float specifier changed to `ht'.

Package marginnote Info: Margin note 496.1 is on absolute page 496 on input line 473.
Package marginnote Info: right page because not two side mode on input line 473.
Package marginnote Info: xpos seems to be 192.58344pt on input line 473.

Package pdfscreen Warning: No overlay specified
(pdfscreen)                output will have only background color on input line 480.

[472]

Package pdfscreen Warning: No overlay specified
(pdfscreen)                output will have only background color on input line 513.

[473]

Package pdfscreen Warning: No overlay specified
(pdfscreen)                output will have only background color on input line 513.

[474 <./fig/dangular.pdf>]

Package pdfscreen Warning: No overlay specified
(pdfscreen)                output will have only background color on input line 528.

[475

]

Package pdfscreen Warning: No overlay specified
(pdfscreen)                output will have only background color on input line 540.

[476]

Package pdfscreen Warning: No overlay specified
(pdfscreen)                output will have only background color on input line 553.

[477]

Package pdfscreen Warning: No overlay specified
(pdfscreen)                output will have only background color on input line 573.

[478]

LaTeX Warning: Citation `friedmann' on page 479 undefined on input line 586.


Package pdfscreen Warning: No overlay specified
(pdfscreen)                output will have only background color on input line 591.

[479]

Package pdfscreen Warning: No overlay specified
(pdfscreen)                output will have only background color on input line 607.

[480]
<fig/ex.pdf, id=6887, 298.93604pt x 219.39207pt>
File: fig/ex.pdf Graphic file (type pdf)
<use fig/ex.pdf>
Package pdftex.def Info: fig/ex.pdf  used on input line 617.
(pdftex.def)             Requested size: 226.56758pt x 166.28441pt.


LaTeX Warning: Float too large for page by 0.27441pt on input line 620.


LaTeX Warning: `!h' float specifier changed to `!ht'.


Package pdfscreen Warning: No overlay specified
(pdfscreen)                output will have only background color on input line 627.

[481]

Package pdfscreen Warning: No overlay specified
(pdfscreen)                output will have only background color on input line 640.

[482]
Underfull \hbox (badness 10000) in paragraph at lines 653--657

 []


Package pdfscreen Warning: No overlay specified
(pdfscreen)                output will have only background color on input line 657.

[483]

Package pdfscreen Warning: No overlay specified
(pdfscreen)                output will have only background color on input line 668.

[484]

Package pdfscreen Warning: No overlay specified
(pdfscreen)                output will have only background color on input line 686.

[485]

Package pdfscreen Warning: No overlay specified
(pdfscreen)                output will have only background color on input line 702.

[486]

Package pdfscreen Warning: No overlay specified
(pdfscreen)                output will have only background color on input line 725.

[487]

Package pdfscreen Warning: No overlay specified
(pdfscreen)                output will have only background color on input line 748.

[488]

Package pdfscreen Warning: No overlay specified
(pdfscreen)                output will have only background color on input line 748.

[489 <./fig/ex.pdf>]
Underfull \hbox (badness 10000) in paragraph at lines 750--757

 []


Package pdfscreen Warning: No overlay specified
(pdfscreen)                output will have only background color on input line 767.

[490

]
<fig/m-M-versus-z-con-error.pdf, id=6984, 433.62pt x 289.08pt>
File: fig/m-M-versus-z-con-error.pdf Graphic file (type pdf)
<use fig/m-M-versus-z-con-error.pdf>
Package pdftex.def Info: fig/m-M-versus-z-con-error.pdf  used on input line 773.
(pdftex.def)             Requested size: 197.72885pt x 131.81831pt.
<fig/m-M_vs_z_semilog.pdf, id=6985, 433.62pt x 289.08pt>
File: fig/m-M_vs_z_semilog.pdf Graphic file (type pdf)
<use fig/m-M_vs_z_semilog.pdf>
Package pdftex.def Info: fig/m-M_vs_z_semilog.pdf  used on input line 774.
(pdftex.def)             Requested size: 197.72885pt x 131.81831pt.


LaTeX Warning: `!h' float specifier changed to `!ht'.

<fig/datos-y-ajusteq0.pdf, id=6989, 578.16pt x 433.62pt>
File: fig/datos-y-ajusteq0.pdf Graphic file (type pdf)
<use fig/datos-y-ajusteq0.pdf>
Package pdftex.def Info: fig/datos-y-ajusteq0.pdf  used on input line 790.
(pdftex.def)             Requested size: 288.3559pt x 216.2669pt.

LaTeX Warning: Float too large for page by 38.78607pt on input line 793.

<fig/residuosnorq0.pdf, id=6993, 433.62pt x 289.08pt>
File: fig/residuosnorq0.pdf Graphic file (type pdf)
<use fig/residuosnorq0.pdf>
Package pdftex.def Info: fig/residuosnorq0.pdf  used on input line 801.
(pdftex.def)             Requested size: 197.72885pt x 131.81831pt.
<fig/gaussq0.pdf, id=6994, 433.62pt x 289.08pt>
File: fig/gaussq0.pdf Graphic file (type pdf)
<use fig/gaussq0.pdf>
Package pdftex.def Info: fig/gaussq0.pdf  used on input line 802.
(pdftex.def)             Requested size: 197.72885pt x 131.81831pt.

Underfull \hbox (badness 10000) in paragraph at lines 783--810

 []


Package pdfscreen Warning: No overlay specified
(pdfscreen)                output will have only background color on input line 810.

[491]

LaTeX Warning: Text page 492 contains only floats.


Package pdfscreen Warning: No overlay specified
(pdfscreen)                output will have only background color on input line 810.

[492 <./fig/m-M-versus-z-con-error.pdf> <./fig/m-M_vs_z_semilog.pdf

pdfTeX warning: pdflatex (file ./fig/m-M_vs_z_semilog.pdf): PDF inclusion: multiple pdfs with page group included in a single page
>]

LaTeX Warning: `!h' float specifier changed to `!ht'.


LaTeX Warning: `!h' float specifier changed to `!ht'.


Package pdfscreen Warning: No overlay specified
(pdfscreen)                output will have only background color on input line 810.

[493]
<fig/datos-y-ajustek-1.pdf, id=8230, 433.62pt x 289.08pt>
File: fig/datos-y-ajustek-1.pdf Graphic file (type pdf)
<use fig/datos-y-ajustek-1.pdf>
Package pdftex.def Info: fig/datos-y-ajustek-1.pdf  used on input line 823.
(pdftex.def)             Requested size: 201.85226pt x 134.57077pt.
<fig/datos-y-ajustek1.pdf, id=8231, 433.62pt x 289.08pt>
File: fig/datos-y-ajustek1.pdf Graphic file (type pdf)
<use fig/datos-y-ajustek1.pdf>
Package pdftex.def Info: fig/datos-y-ajustek1.pdf  used on input line 824.
(pdftex.def)             Requested size: 201.85226pt x 134.57077pt.
<fig/datos-y-ajuste.pdf, id=8232, 433.62pt x 289.08pt>
File: fig/datos-y-ajuste.pdf Graphic file (type pdf)
<use fig/datos-y-ajuste.pdf>
Package pdftex.def Info: fig/datos-y-ajuste.pdf  used on input line 825.
(pdftex.def)             Requested size: 247.16579pt x 164.7773pt.


LaTeX Warning: Float too large for page by 136.46724pt on input line 829.

<fig/residuosnork-1.pdf, id=8233, 433.62pt x 289.08pt>
File: fig/residuosnork-1.pdf Graphic file (type pdf)
<use fig/residuosnork-1.pdf>
Package pdftex.def Info: fig/residuosnork-1.pdf  used on input line 832.
(pdftex.def)             Requested size: 201.85226pt x 134.57077pt.
<fig/residuosnork1.pdf, id=8234, 433.62pt x 289.08pt>
File: fig/residuosnork1.pdf Graphic file (type pdf)
<use fig/residuosnork1.pdf>
Package pdftex.def Info: fig/residuosnork1.pdf  used on input line 833.
(pdftex.def)             Requested size: 201.85226pt x 134.57077pt.
<fig/residuosnor.pdf, id=8235, 433.62pt x 289.08pt>
File: fig/residuosnor.pdf Graphic file (type pdf)
<use fig/residuosnor.pdf>
Package pdftex.def Info: fig/residuosnor.pdf  used on input line 834.
(pdftex.def)             Requested size: 226.56758pt x 151.04585pt.
<fig/gaussk-1.pdf, id=8236, 433.62pt x 289.08pt>
File: fig/gaussk-1.pdf Graphic file (type pdf)
<use fig/gaussk-1.pdf>
Package pdftex.def Info: fig/gaussk-1.pdf  used on input line 835.
(pdftex.def)             Requested size: 201.85226pt x 134.57077pt.
<fig/gaussk1.pdf, id=8237, 433.62pt x 289.08pt>
File: fig/gaussk1.pdf Graphic file (type pdf)
<use fig/gaussk1.pdf>
Package pdftex.def Info: fig/gaussk1.pdf  used on input line 836.
(pdftex.def)             Requested size: 201.85226pt x 134.57077pt.
<fig/gaussk0.pdf, id=8238, 433.62pt x 289.08pt>
File: fig/gaussk0.pdf Graphic file (type pdf)
<use fig/gaussk0.pdf>
Package pdftex.def Info: fig/gaussk0.pdf  used on input line 837.
(pdftex.def)             Requested size: 226.56758pt x 151.04585pt.

LaTeX Warning: Float too large for page by 396.75241pt on input line 840.


Underfull \hbox (badness 10000) in paragraph at lines 820--845

 []


LaTeX Warning: `!h' float specifier changed to `!ht'.


LaTeX Warning: `!h' float specifier changed to `!ht'.


Package pdfscreen Warning: No overlay specified
(pdfscreen)                output will have only background color on input line 845.

[494]
Underfull \hbox (badness 10000) in paragraph at lines 851--857

 []


Package pdfscreen Warning: No overlay specified
(pdfscreen)                output will have only background color on input line 857.

[495]
Underfull \hbox (badness 10000) in paragraph at lines 872--875

 []


Package pdfscreen Warning: No overlay specified
(pdfscreen)                output will have only background color on input line 875.

[496]
<fig/parametros_de_prueba.pdf, id=8265, 433.62pt x 289.08pt>
File: fig/parametros_de_prueba.pdf Graphic file (type pdf)
<use fig/parametros_de_prueba.pdf>
Package pdftex.def Info: fig/parametros_de_prueba.pdf  used on input line 882.
(pdftex.def)             Requested size: 201.85226pt x 134.57077pt.
<fig/zoom.pdf, id=8266, 433.62pt x 289.08pt>
File: fig/zoom.pdf Graphic file (type pdf)
<use fig/zoom.pdf>
Package pdftex.def Info: fig/zoom.pdf  used on input line 883.
(pdftex.def)             Requested size: 201.85226pt x 134.57077pt.
<fig/resparametros1.pdf, id=8267, 433.62pt x 289.08pt>
File: fig/resparametros1.pdf Graphic file (type pdf)
<use fig/resparametros1.pdf>
Package pdftex.def Info: fig/resparametros1.pdf  used on input line 895.
(pdftex.def)             Requested size: 201.85226pt x 134.57077pt.
<fig/resparametros3.pdf, id=8268, 433.62pt x 289.08pt>
File: fig/resparametros3.pdf Graphic file (type pdf)
<use fig/resparametros3.pdf>
Package pdftex.def Info: fig/resparametros3.pdf  used on input line 896.
(pdftex.def)             Requested size: 201.85226pt x 134.57077pt.
<fig/datos-y-ajustelambda0.pdf, id=8270, 433.62pt x 289.08pt>
File: fig/datos-y-ajustelambda0.pdf Graphic file (type pdf)
<use fig/datos-y-ajustelambda0.pdf>
Package pdftex.def Info: fig/datos-y-ajustelambda0.pdf  used on input line 903.
(pdftex.def)             Requested size: 288.3559pt x 192.2446pt.


LaTeX Warning: `!h' float specifier changed to `!ht'.


LaTeX Warning: `!h' float specifier changed to `!ht'.


LaTeX Warning: `!h' float specifier changed to `!ht'.


Package pdfscreen Warning: No overlay specified
(pdfscreen)                output will have only background color on input line 910.

[497]

Package pdfscreen Warning: No overlay specified
(pdfscreen)                output will have only background color on input line 923.

[498]
<fig/contornoq0.pdf, id=8280, 433.62pt x 289.08pt>
File: fig/contornoq0.pdf Graphic file (type pdf)
<use fig/contornoq0.pdf>
Package pdftex.def Info: fig/contornoq0.pdf  used on input line 931.
(pdftex.def)             Requested size: 267.75769pt x 178.51315pt.
<fig/contornok-1.pdf, id=8281, 433.62pt x 289.08pt>
File: fig/contornok-1.pdf Graphic file (type pdf)
<use fig/contornok-1.pdf>
Package pdftex.def Info: fig/contornok-1.pdf  used on input line 932.
(pdftex.def)             Requested size: 267.75769pt x 178.51315pt.
<fig/contornok0.pdf, id=8282, 433.62pt x 289.08pt>
File: fig/contornok0.pdf Graphic file (type pdf)
<use fig/contornok0.pdf>
Package pdftex.def Info: fig/contornok0.pdf  used on input line 933.
(pdftex.def)             Requested size: 267.75769pt x 178.51315pt.
<fig/contornok1.pdf, id=8283, 433.62pt x 289.08pt>
File: fig/contornok1.pdf Graphic file (type pdf)
<use fig/contornok1.pdf>
Package pdftex.def Info: fig/contornok1.pdf  used on input line 934.
(pdftex.def)             Requested size: 267.75769pt x 178.51315pt.


LaTeX Warning: Float too large for page by 564.64262pt on input line 938.


LaTeX Warning: `h' float specifier changed to `ht'.

<fig/densidadq0.pdf, id=8285, 433.62pt x 289.08pt>
File: fig/densidadq0.pdf Graphic file (type pdf)
<use fig/densidadq0.pdf>
Package pdftex.def Info: fig/densidadq0.pdf  used on input line 948.
(pdftex.def)             Requested size: 247.16579pt x 164.7773pt.

LaTeX Warning: Float too large for page by 55.2965pt on input line 957.


Package pdfscreen Warning: No overlay specified
(pdfscreen)                output will have only background color on input line 959.

[499]

LaTeX Warning: `!h' float specifier changed to `!ht'.


Underfull \hbox (badness 10000) in paragraph at lines 969--971

 []


Underfull \hbox (badness 10000) in paragraph at lines 969--971

 []


Underfull \hbox (badness 10000) in paragraph at lines 969--971

 []


Package pdfscreen Warning: No overlay specified
(pdfscreen)                output will have only background color on input line 971.

[500]) (./cap-Gravitomagnetismo.tex

Package pdfscreen Warning: No overlay specified
(pdfscreen)                output will have only background color on input line 1.

[501]

Package pdfscreen Warning: No overlay specified
(pdfscreen)                output will have only background color on input line 1.

[502 <./fig/datos-y-ajusteq0.pdf>]

Package pdfscreen Warning: No overlay specified
(pdfscreen)                output will have only background color on input line 1.

[503 <./fig/residuosnorq0.pdf> <./fig/gaussq0.pdf

pdfTeX warning: pdflatex (file ./fig/gaussq0.pdf): PDF inclusion: multiple pdfs with page group included in a single page
>]

Package pdfscreen Warning: No overlay specified
(pdfscreen)                output will have only background color on input line 1.

[504 <./fig/datos-y-ajustek-1.pdf> <./fig/datos-y-ajustek1.pdf

pdfTeX warning: pdflatex (file ./fig/datos-y-ajustek1.pdf): PDF inclusion: multiple pdfs with page group included in a single page
> <./fig/datos-y-ajuste.pdf

pdfTeX warning: pdflatex (file ./fig/datos-y-ajuste.pdf): PDF inclusion: multiple pdfs with page group included in a single page
>]

Package pdfscreen Warning: No overlay specified
(pdfscreen)                output will have only background color on input line 1.

[505 <./fig/residuosnork-1.pdf> <./fig/residuosnork1.pdf

pdfTeX warning: pdflatex (file ./fig/residuosnork1.pdf): PDF inclusion: multiple pdfs with page group included in a single page
> <./fig/residuosnor.pdf

pdfTeX warning: pdflatex (file ./fig/residuosnor.pdf): PDF inclusion: multiple pdfs with page group included in a single page
> <./fig/gaussk-1.pdf

pdfTeX warning: pdflatex (file ./fig/gaussk-1.pdf): PDF inclusion: multiple pdfs with page group included in a single page
> <./fig/gaussk1.pdf

pdfTeX warning: pdflatex (file ./fig/gaussk1.pdf): PDF inclusion: multiple pdfs with page group included in a single page
> <./fig/gaussk0.pdf

pdfTeX warning: pdflatex (file ./fig/gaussk0.pdf): PDF inclusion: multiple pdfs with page group included in a single page
>]

Package pdfscreen Warning: No overlay specified
(pdfscreen)                output will have only background color on input line 1.

[506 <./fig/parametros_de_prueba.pdf> <./fig/zoom.pdf

pdfTeX warning: pdflatex (file ./fig/zoom.pdf): PDF inclusion: multiple pdfs with page group included in a single page
>]

Package pdfscreen Warning: No overlay specified
(pdfscreen)                output will have only background color on input line 1.

[507 <./fig/resparametros1.pdf> <./fig/resparametros3.pdf

pdfTeX warning: pdflatex (file ./fig/resparametros3.pdf): PDF inclusion: multiple pdfs with page group included in a single page
>]

Package pdfscreen Warning: No overlay specified
(pdfscreen)                output will have only background color on input line 1.

[508 <./fig/datos-y-ajustelambda0.pdf>]

Package pdfscreen Warning: No overlay specified
(pdfscreen)                output will have only background color on input line 1.

[509 <./fig/contornoq0.pdf> <./fig/contornok-1.pdf

pdfTeX warning: pdflatex (file ./fig/contornok-1.pdf): PDF inclusion: multiple pdfs with page group included in a single page
> <./fig/contornok0.pdf

pdfTeX warning: pdflatex (file ./fig/contornok0.pdf): PDF inclusion: multiple pdfs with page group included in a single page
> <./fig/contornok1.pdf

pdfTeX warning: pdflatex (file ./fig/contornok1.pdf): PDF inclusion: multiple pdfs with page group included in a single page
>]

Package pdfscreen Warning: No overlay specified
(pdfscreen)                output will have only background color on input line 1.

[510 <./fig/densidadq0.pdf>]
Cap\'{\i }tulo 8.

Package pdfscreen Warning: No overlay specified
(pdfscreen)                output will have only background color on input line 3.

[511

]

Package pdfscreen Warning: No overlay specified
(pdfscreen)                output will have only background color on input line 10.

[512

]

Package pdfscreen Warning: No overlay specified
(pdfscreen)                output will have only background color on input line 12.

[513]

Package pdfscreen Warning: No overlay specified
(pdfscreen)                output will have only background color on input line 35.

[514

]
Package marginnote Info: Margin note 539.1 is on absolute page 539 on input line 51.
Package marginnote Info: right page because not two side mode on input line 51.
Package marginnote Info: xpos seems to be 70.70682pt on input line 51.


Package pdfscreen Warning: No overlay specified
(pdfscreen)                output will have only background color on input line 56.

[515]

Package pdfscreen Warning: No overlay specified
(pdfscreen)                output will have only background color on input line 66.

[516]

Package pdfscreen Warning: No overlay specified
(pdfscreen)                output will have only background color on input line 84.

[517

]

Package pdfscreen Warning: No overlay specified
(pdfscreen)                output will have only background color on input line 88.

[518]

Package pdfscreen Warning: No overlay specified
(pdfscreen)                output will have only background color on input line 102.

[519]

Package pdfscreen Warning: No overlay specified
(pdfscreen)                output will have only background color on input line 113.

[520]

Package pdfscreen Warning: No overlay specified
(pdfscreen)                output will have only background color on input line 122.

[521]

Package pdfscreen Warning: No overlay specified
(pdfscreen)                output will have only background color on input line 131.

[522]

Package pdfscreen Warning: No overlay specified
(pdfscreen)                output will have only background color on input line 145.

[523]

Package pdfscreen Warning: No overlay specified
(pdfscreen)                output will have only background color on input line 160.

[524]

Package pdfscreen Warning: No overlay specified
(pdfscreen)                output will have only background color on input line 171.

[525]

Package pdfscreen Warning: No overlay specified
(pdfscreen)                output will have only background color on input line 183.

[526]

Package pdfscreen Warning: No overlay specified
(pdfscreen)                output will have only background color on input line 198.

[527]

Package pdfscreen Warning: No overlay specified
(pdfscreen)                output will have only background color on input line 212.

[528]

Package pdfscreen Warning: No overlay specified
(pdfscreen)                output will have only background color on input line 227.

[529]

Package pdfscreen Warning: No overlay specified
(pdfscreen)                output will have only background color on input line 239.

[530]

Package pdfscreen Warning: No overlay specified
(pdfscreen)                output will have only background color on input line 263.

[531]

Package pdfscreen Warning: No overlay specified
(pdfscreen)                output will have only background color on input line 265.

[532]
<fig/fig-fuente.pdf, id=18764, 518.93875pt x 503.8825pt>
File: fig/fig-fuente.pdf Graphic file (type pdf)
<use fig/fig-fuente.pdf>
Package pdftex.def Info: fig/fig-fuente.pdf  used on input line 270.
(pdftex.def)             Requested size: 518.93748pt x 503.88127pt.


Package pdfscreen Warning: No overlay specified
(pdfscreen)                output will have only background color on input line 274.

[533

]

Package pdfscreen Warning: No overlay specified
(pdfscreen)                output will have only background color on input line 278.

[534 <./fig/fig-fuente.pdf>]

Package pdfscreen Warning: No overlay specified
(pdfscreen)                output will have only background color on input line 294.

[535]

Package pdfscreen Warning: No overlay specified
(pdfscreen)                output will have only background color on input line 303.

[536]

Package pdfscreen Warning: No overlay specified
(pdfscreen)                output will have only background color on input line 317.

[537]

Package pdfscreen Warning: No overlay specified
(pdfscreen)                output will have only background color on input line 329.

[538]

Package pdfscreen Warning: No overlay specified
(pdfscreen)                output will have only background color on input line 347.

[539]
<fig/fig-gravitoelectromagnetico.pdf, id=18829, 491.38112pt x 449.00249pt>
File: fig/fig-gravitoelectromagnetico.pdf Graphic file (type pdf)
<use fig/fig-gravitoelectromagnetico.pdf>
Package pdftex.def Info: fig/fig-gravitoelectromagnetico.pdf  used on input line 354.
(pdftex.def)             Requested size: 491.37991pt x 449.00139pt.


Package pdfscreen Warning: No overlay specified
(pdfscreen)                output will have only background color on input line 358.

[540]
Overfull \vbox (22.19295pt too high) has occurred while \output is active []



Package pdfscreen Warning: No overlay specified
(pdfscreen)                output will have only background color on input line 358.

[541 <./fig/fig-gravitoelectromagnetico.pdf>]

Package pdfscreen Warning: No overlay specified
(pdfscreen)                output will have only background color on input line 372.

[542]

Package pdfscreen Warning: No overlay specified
(pdfscreen)                output will have only background color on input line 379.

[543]

Package pdfscreen Warning: No overlay specified
(pdfscreen)                output will have only background color on input line 408.

[544]

Package pdfscreen Warning: No overlay specified
(pdfscreen)                output will have only background color on input line 411.

[545]

Package pdfscreen Warning: No overlay specified
(pdfscreen)                output will have only background color on input line 413.

[546

]

Package pdfscreen Warning: No overlay specified
(pdfscreen)                output will have only background color on input line 433.

[547

]

Package pdfscreen Warning: No overlay specified
(pdfscreen)                output will have only background color on input line 446.

[548]
<fig/fig-giroscopo.pdf, id=18899, 571.13374pt x 581.17125pt>
File: fig/fig-giroscopo.pdf Graphic file (type pdf)
<use fig/fig-giroscopo.pdf>
Package pdftex.def Info: fig/fig-giroscopo.pdf  used on input line 455.
(pdftex.def)             Requested size: 571.13235pt x 581.16983pt.


Package pdfscreen Warning: No overlay specified
(pdfscreen)                output will have only background color on input line 459.

[549]

Package pdfscreen Warning: No overlay specified
(pdfscreen)                output will have only background color on input line 465.

[550 <./fig/fig-giroscopo.pdf>]

Package pdfscreen Warning: No overlay specified
(pdfscreen)                output will have only background color on input line 473.

[551]

Package pdfscreen Warning: No overlay specified
(pdfscreen)                output will have only background color on input line 485.

[552]

Package pdfscreen Warning: No overlay specified
(pdfscreen)                output will have only background color on input line 496.

[553]
<fig/fig-GPB.pdf, id=18942, 696.6025pt x 555.07375pt>
File: fig/fig-GPB.pdf Graphic file (type pdf)
<use fig/fig-GPB.pdf>
Package pdftex.def Info: fig/fig-GPB.pdf  used on input line 502.
(pdftex.def)             Requested size: 696.6008pt x 555.07237pt.


Package pdfscreen Warning: No overlay specified
(pdfscreen)                output will have only background color on input line 506.

[554]

Package pdfscreen Warning: No overlay specified
(pdfscreen)                output will have only background color on input line 511.

[555 <./fig/fig-GPB.pdf>]
Overfull \hbox (14.025pt too wide) detected at line 522
[]
 []


Package pdfscreen Warning: No overlay specified
(pdfscreen)                output will have only background color on input line 522.

[556]

Package pdfscreen Warning: No overlay specified
(pdfscreen)                output will have only background color on input line 545.

[557]

Package pdfscreen Warning: No overlay specified
(pdfscreen)                output will have only background color on input line 589.

[558]

Package pdfscreen Warning: No overlay specified
(pdfscreen)                output will have only background color on input line 598.

[559]

Package pdfscreen Warning: No overlay specified
(pdfscreen)                output will have only background color on input line 617.

[560]

Package pdfscreen Warning: No overlay specified
(pdfscreen)                output will have only background color on input line 626.

[561]
<fig/fig-orbitaGPB.pdf, id=19030, 279.0425pt x 277.035pt>
File: fig/fig-orbitaGPB.pdf Graphic file (type pdf)
<use fig/fig-orbitaGPB.pdf>
Package pdftex.def Info: fig/fig-orbitaGPB.pdf  used on input line 639.
(pdftex.def)             Requested size: 279.04181pt x 277.03432pt.


Package pdfscreen Warning: No overlay specified
(pdfscreen)                output will have only background color on input line 642.

[562]

Package pdfscreen Warning: No overlay specified
(pdfscreen)                output will have only background color on input line 646.

[563 <./fig/fig-orbitaGPB.pdf>]

Package pdfscreen Warning: No overlay specified
(pdfscreen)                output will have only background color on input line 655.

[564]

Package pdfscreen Warning: No overlay specified
(pdfscreen)                output will have only background color on input line 666.

[565]
<fig/fig-precesion.pdf, id=19067, 361.35pt x 234.8775pt>
File: fig/fig-precesion.pdf Graphic file (type pdf)
<use fig/fig-precesion.pdf>
Package pdftex.def Info: fig/fig-precesion.pdf  used on input line 669.
(pdftex.def)             Requested size: 361.34912pt x 234.87692pt.
) (./cap-Estabilidad-Estelar-Newtoniano.tex

Package pdfscreen Warning: No overlay specified
(pdfscreen)                output will have only background color on input line 1.

[566]

Package pdfscreen Warning: No overlay specified
(pdfscreen)                output will have only background color on input line 1.

[567 <./fig/fig-precesion.pdf>]
Cap\'{\i }tulo 9.

Package pdfscreen Warning: No overlay specified
(pdfscreen)                output will have only background color on input line 3.

[568

]

Package pdfscreen Warning: No overlay specified
(pdfscreen)                output will have only background color on input line 13.

[569

]
Package marginnote Info: Margin note 594.1 is on absolute page 594 on input line 29.
Package marginnote Info: right page because not two side mode on input line 29.
Package marginnote Info: xpos seems to be 164.26729pt on input line 29.
Package marginnote Info: Margin note 594.2 is on absolute page 595 on input line 33.
Package marginnote Info: right page because not two side mode on input line 33.
Package marginnote Info: xpos seems to be 176.74777pt on input line 33.


Package pdfscreen Warning: No overlay specified
(pdfscreen)                output will have only background color on input line 34.

[570]
Package marginnote Info: Margin note 595.1 is on absolute page 595 on input line 42.
Package marginnote Info: right page because not two side mode on input line 42.
Package marginnote Info: xpos seems to be 166.8808pt on input line 42.


Package pdfscreen Warning: No overlay specified
(pdfscreen)                output will have only background color on input line 48.

[571]
Package marginnote Info: Margin note 596.1 is on absolute page 596 on input line 52.
Package marginnote Info: right page because not two side mode on input line 52.
Package marginnote Info: xpos seems to be 199.3762pt on input line 52.


Package pdfscreen Warning: No overlay specified
(pdfscreen)                output will have only background color on input line 60.

[572

]
Package marginnote Info: Margin note 597.1 is on absolute page 597 on input line 68.
Package marginnote Info: right page because not two side mode on input line 68.
Package marginnote Info: xpos seems to be 112.44536pt on input line 68.


Package pdfscreen Warning: No overlay specified
(pdfscreen)                output will have only background color on input line 69.

[573]
Package marginnote Info: Margin note 598.1 is on absolute page 598 on input line 70.
Package marginnote Info: right page because not two side mode on input line 70.
Package marginnote Info: xpos seems to be 182.83203pt on input line 70.


Package pdfscreen Warning: No overlay specified
(pdfscreen)                output will have only background color on input line 75.

[574]

Package pdfscreen Warning: No overlay specified
(pdfscreen)                output will have only background color on input line 92.

[575

]
Package marginnote Info: Margin note 600.1 is on absolute page 600 on input line 100.
Package marginnote Info: right page because not two side mode on input line 100.
Package marginnote Info: xpos seems to be 18.06749pt on input line 100.


Package pdfscreen Warning: No overlay specified
(pdfscreen)                output will have only background color on input line 107.

[576]
Underfull \hbox (badness 1735) in paragraph at lines 116--116
[]\OT1/cmr/m/n/9 Soluci^^Son pa-ra
 []


Package pdfscreen Warning: No overlay specified
(pdfscreen)                output will have only background color on input line 126.

[577]
Package marginnote Info: Margin note 602.1 is on absolute page 602 on input line 129.
Package marginnote Info: right page because not two side mode on input line 129.
Package marginnote Info: xpos seems to be 76.28503pt on input line 129.
Package marginnote Info: Margin note 602.2 is on absolute page 603 on input line 132.
Package marginnote Info: right page because not two side mode on input line 132.
Package marginnote Info: xpos seems to be 114.41727pt on input line 132.


Package pdfscreen Warning: No overlay specified
(pdfscreen)                output will have only background color on input line 133.

[578]

Package pdfscreen Warning: No overlay specified
(pdfscreen)                output will have only background color on input line 149.

[579]
Package marginnote Info: Margin note 604.1 is on absolute page 604 on input line 151.
Package marginnote Info: right page because not two side mode on input line 151.
Package marginnote Info: xpos seems to be 217.32738pt on input line 151.


Package pdfscreen Warning: No overlay specified
(pdfscreen)                output will have only background color on input line 156.

[580]

Package pdfscreen Warning: No overlay specified
(pdfscreen)                output will have only background color on input line 165.

[581

]

Package pdfscreen Warning: No overlay specified
(pdfscreen)                output will have only background color on input line 192.

[582]

Package pdfscreen Warning: No overlay specified
(pdfscreen)                output will have only background color on input line 192.

[583]

Package pdfscreen Warning: No overlay specified
(pdfscreen)                output will have only background color on input line 201.

[584]
Package marginnote Info: Margin note 609.1 is on absolute page 609 on input line 204.
Package marginnote Info: right page because not two side mode on input line 204.
Package marginnote Info: xpos seems to be 156.33807pt on input line 204.


Package pdfscreen Warning: No overlay specified
(pdfscreen)                output will have only background color on input line 219.

[585]

Package pdfscreen Warning: No overlay specified
(pdfscreen)                output will have only background color on input line 231.

[586]

Package pdfscreen Warning: No overlay specified
(pdfscreen)                output will have only background color on input line 237.

[587]
Package marginnote Info: Margin note 612.1 is on absolute page 612 on input line 238.
Package marginnote Info: right page because not two side mode on input line 238.
Package marginnote Info: xpos seems to be 150.98793pt on input line 238.


Package pdfscreen Warning: No overlay specified
(pdfscreen)                output will have only background color on input line 246.

[588]

Package pdfscreen Warning: No overlay specified
(pdfscreen)                output will have only background color on input line 260.

[589]
Package marginnote Info: Margin note 614.1 is on absolute page 615 on input line 267.
Package marginnote Info: right page because not two side mode on input line 267.
Package marginnote Info: xpos seems to be 121.20065pt on input line 267.


Package pdfscreen Warning: No overlay specified
(pdfscreen)                output will have only background color on input line 271.

[590]

Package pdfscreen Warning: No overlay specified
(pdfscreen)                output will have only background color on input line 281.

[591]

Package pdfscreen Warning: No overlay specified
(pdfscreen)                output will have only background color on input line 291.

[592]

Package pdfscreen Warning: No overlay specified
(pdfscreen)                output will have only background color on input line 310.

[593]

Package pdfscreen Warning: No overlay specified
(pdfscreen)                output will have only background color on input line 319.

[594]

Package pdfscreen Warning: No overlay specified
(pdfscreen)                output will have only background color on input line 336.

[595]

Package pdfscreen Warning: No overlay specified
(pdfscreen)                output will have only background color on input line 349.

[596]

Package pdfscreen Warning: No overlay specified
(pdfscreen)                output will have only background color on input line 362.

[597]

Package pdfscreen Warning: No overlay specified
(pdfscreen)                output will have only background color on input line 374.

[598]

Package pdfscreen Warning: No overlay specified
(pdfscreen)                output will have only background color on input line 384.

[599]

Package pdfscreen Warning: No overlay specified
(pdfscreen)                output will have only background color on input line 394.

[600]

Package pdfscreen Warning: No overlay specified
(pdfscreen)                output will have only background color on input line 408.

[601]

Package pdfscreen Warning: No overlay specified
(pdfscreen)                output will have only background color on input line 422.

[602]

Package pdfscreen Warning: No overlay specified
(pdfscreen)                output will have only background color on input line 438.

[603]

Package pdfscreen Warning: No overlay specified
(pdfscreen)                output will have only background color on input line 451.

[604]

Package pdfscreen Warning: No overlay specified
(pdfscreen)                output will have only background color on input line 467.

[605]

Package pdfscreen Warning: No overlay specified
(pdfscreen)                output will have only background color on input line 483.

[606]

Package pdfscreen Warning: No overlay specified
(pdfscreen)                output will have only background color on input line 497.

[607]

Package pdfscreen Warning: No overlay specified
(pdfscreen)                output will have only background color on input line 509.

[608]

Package pdfscreen Warning: No overlay specified
(pdfscreen)                output will have only background color on input line 526.

[609]
<fig/fig-Lane-Emden.pdf, id=19498, 578.16pt x 433.62pt>
File: fig/fig-Lane-Emden.pdf Graphic file (type pdf)
<use fig/fig-Lane-Emden.pdf>
Package pdftex.def Info: fig/fig-Lane-Emden.pdf  used on input line 533.
(pdftex.def)             Requested size: 578.15858pt x 433.61894pt.


Package pdfscreen Warning: No overlay specified
(pdfscreen)                output will have only background color on input line 536.

[610]

Package pdfscreen Warning: No overlay specified
(pdfscreen)                output will have only background color on input line 537.

[611]
Overfull \vbox (70.28683pt too high) has occurred while \output is active []



Package pdfscreen Warning: No overlay specified
(pdfscreen)                output will have only background color on input line 537.

[612 <./fig/fig-Lane-Emden.pdf>]

Package pdfscreen Warning: No overlay specified
(pdfscreen)                output will have only background color on input line 560.

[613]

Package pdfscreen Warning: No overlay specified
(pdfscreen)                output will have only background color on input line 565.

[614]

Package pdfscreen Warning: No overlay specified
(pdfscreen)                output will have only background color on input line 573.

[615]

Package pdfscreen Warning: No overlay specified
(pdfscreen)                output will have only background color on input line 581.

[616]

Package pdfscreen Warning: No overlay specified
(pdfscreen)                output will have only background color on input line 589.

[617]

Package pdfscreen Warning: No overlay specified
(pdfscreen)                output will have only background color on input line 598.

[618]

Package pdfscreen Warning: No overlay specified
(pdfscreen)                output will have only background color on input line 608.

[619]

Package pdfscreen Warning: No overlay specified
(pdfscreen)                output will have only background color on input line 621.

[620]

Package pdfscreen Warning: No overlay specified
(pdfscreen)                output will have only background color on input line 625.

[621]

Package pdfscreen Warning: No overlay specified
(pdfscreen)                output will have only background color on input line 634.

[622]

Package pdfscreen Warning: No overlay specified
(pdfscreen)                output will have only background color on input line 644.

[623]

Package pdfscreen Warning: No overlay specified
(pdfscreen)                output will have only background color on input line 655.

[624]

Package pdfscreen Warning: No overlay specified
(pdfscreen)                output will have only background color on input line 667.

[625]

Package pdfscreen Warning: No overlay specified
(pdfscreen)                output will have only background color on input line 680.

[626]

Package pdfscreen Warning: No overlay specified
(pdfscreen)                output will have only background color on input line 696.

[627]

Package pdfscreen Warning: No overlay specified
(pdfscreen)                output will have only background color on input line 710.

[628]

Package pdfscreen Warning: No overlay specified
(pdfscreen)                output will have only background color on input line 727.

[629]

Package pdfscreen Warning: No overlay specified
(pdfscreen)                output will have only background color on input line 744.

[630

]

Package pdfscreen Warning: No overlay specified
(pdfscreen)                output will have only background color on input line 756.

[631]

Package pdfscreen Warning: No overlay specified
(pdfscreen)                output will have only background color on input line 766.

[632]

Package pdfscreen Warning: No overlay specified
(pdfscreen)                output will have only background color on input line 779.

[633]

Package pdfscreen Warning: No overlay specified
(pdfscreen)                output will have only background color on input line 793.

[634]

Package pdfscreen Warning: No overlay specified
(pdfscreen)                output will have only background color on input line 800.

[635]

Package pdfscreen Warning: No overlay specified
(pdfscreen)                output will have only background color on input line 821.

[636]

Package pdfscreen Warning: No overlay specified
(pdfscreen)                output will have only background color on input line 826.

[637]

Package pdfscreen Warning: No overlay specified
(pdfscreen)                output will have only background color on input line 836.

[638]

Package pdfscreen Warning: No overlay specified
(pdfscreen)                output will have only background color on input line 844.

[639]

Package pdfscreen Warning: No overlay specified
(pdfscreen)                output will have only background color on input line 855.

[640]

Package pdfscreen Warning: No overlay specified
(pdfscreen)                output will have only background color on input line 860.

[641]

Package pdfscreen Warning: No overlay specified
(pdfscreen)                output will have only background color on input line 878.

[642]
Overfull \vbox (37.68263pt too high) has occurred while \output is active []



Package pdfscreen Warning: No overlay specified
(pdfscreen)                output will have only background color on input line 878.

[643]

Package pdfscreen Warning: No overlay specified
(pdfscreen)                output will have only background color on input line 894.

[644]

Package pdfscreen Warning: No overlay specified
(pdfscreen)                output will have only background color on input line 901.

[645]

Package pdfscreen Warning: No overlay specified
(pdfscreen)                output will have only background color on input line 915.

[646]

Package pdfscreen Warning: No overlay specified
(pdfscreen)                output will have only background color on input line 927.

[647]

Package pdfscreen Warning: No overlay specified
(pdfscreen)                output will have only background color on input line 929.

[648]

Package pdfscreen Warning: No overlay specified
(pdfscreen)                output will have only background color on input line 937.

[649]

Package pdfscreen Warning: No overlay specified
(pdfscreen)                output will have only background color on input line 949.

[650]

Package pdfscreen Warning: No overlay specified
(pdfscreen)                output will have only background color on input line 956.

[651]

Package pdfscreen Warning: No overlay specified
(pdfscreen)                output will have only background color on input line 969.

[652]

Package pdfscreen Warning: No overlay specified
(pdfscreen)                output will have only background color on input line 982.

[653]

Package pdfscreen Warning: No overlay specified
(pdfscreen)                output will have only background color on input line 988.

[654]

Package pdfscreen Warning: No overlay specified
(pdfscreen)                output will have only background color on input line 1000.

[655]

Package pdfscreen Warning: No overlay specified
(pdfscreen)                output will have only background color on input line 1008.

[656]

Package pdfscreen Warning: No overlay specified
(pdfscreen)                output will have only background color on input line 1019.

[657]

Package pdfscreen Warning: No overlay specified
(pdfscreen)                output will have only background color on input line 1030.

[658]

Package pdfscreen Warning: No overlay specified
(pdfscreen)                output will have only background color on input line 1046.

[659]
<fig/fig-fermi-soluciones.pdf, id=20047, 578.16pt x 433.62pt>
File: fig/fig-fermi-soluciones.pdf Graphic file (type pdf)
<use fig/fig-fermi-soluciones.pdf>
Package pdftex.def Info: fig/fig-fermi-soluciones.pdf  used on input line 1055.
(pdftex.def)             Requested size: 578.15858pt x 433.61894pt.


Package pdfscreen Warning: No overlay specified
(pdfscreen)                output will have only background color on input line 1057.

[660]

Package pdfscreen Warning: No overlay specified
(pdfscreen)                output will have only background color on input line 1058.

[661]
Overfull \vbox (25.79439pt too high) has occurred while \output is active []



Package pdfscreen Warning: No overlay specified
(pdfscreen)                output will have only background color on input line 1058.

[662 <./fig/fig-fermi-soluciones.pdf>]

Package pdfscreen Warning: No overlay specified
(pdfscreen)                output will have only background color on input line 1063.

[663]

Package pdfscreen Warning: No overlay specified
(pdfscreen)                output will have only background color on input line 1066.

[664]

Package pdfscreen Warning: No overlay specified
(pdfscreen)                output will have only background color on input line 1072.

[665

]

Package pdfscreen Warning: No overlay specified
(pdfscreen)                output will have only background color on input line 1075.

[666]
Overfull \hbox (0.81497pt too wide) in paragraph at lines 1081--1083
[]\OT1/cmss/m/sl/10.95 Radio\OT1/cmss/m/n/10.95 : Re-em-pla-zan-do $\OML/cmm/m/it/10.95 K$ \OT1/cmss/m/n/10.95 en [], te-ne-mos la si-guien-te re-la-ci^^Son radio-densidad
 []


Package pdfscreen Warning: No overlay specified
(pdfscreen)                output will have only background color on input line 1088.

[667]

Package pdfscreen Warning: No overlay specified
(pdfscreen)                output will have only background color on input line 1103.

[668]

Package pdfscreen Warning: No overlay specified
(pdfscreen)                output will have only background color on input line 1108.

[669]
Overfull \hbox (0.81497pt too wide) in paragraph at lines 1109--1110
[]\OT1/cmss/m/sl/10.95 Radio\OT1/cmss/m/n/10.95 : Re-em-pla-zan-do $\OML/cmm/m/it/10.95 K$ \OT1/cmss/m/n/10.95 en [], te-ne-mos la si-guien-te re-la-ci^^Son radio-densidad
 []


Package pdfscreen Warning: No overlay specified
(pdfscreen)                output will have only background color on input line 1120.

[670]

Package pdfscreen Warning: No overlay specified
(pdfscreen)                output will have only background color on input line 1127.

[671]

Package pdfscreen Warning: No overlay specified
(pdfscreen)                output will have only background color on input line 1138.

[672]
<fig/fig-fermielectron-masa-radio.pdf, id=20200, 578.16pt x 433.62pt>
File: fig/fig-fermielectron-masa-radio.pdf Graphic file (type pdf)
<use fig/fig-fermielectron-masa-radio.pdf>
Package pdftex.def Info: fig/fig-fermielectron-masa-radio.pdf  used on input line 1152.
(pdftex.def)             Requested size: 578.15858pt x 433.61894pt.


Package pdfscreen Warning: No overlay specified
(pdfscreen)                output will have only background color on input line 1155.

[673]
Overfull \vbox (52.9944pt too high) has occurred while \output is active []



Package pdfscreen Warning: No overlay specified
(pdfscreen)                output will have only background color on input line 1155.

[674 <./fig/fig-fermielectron-masa-radio.pdf>]

Package pdfscreen Warning: No overlay specified
(pdfscreen)                output will have only background color on input line 1161.

[675]
<fig/fig-fermielectron-masa-densidad.pdf, id=20283, 578.16pt x 433.62pt>
File: fig/fig-fermielectron-masa-densidad.pdf Graphic file (type pdf)
<use fig/fig-fermielectron-masa-densidad.pdf>
Package pdftex.def Info: fig/fig-fermielectron-masa-densidad.pdf  used on input line 1164.
(pdftex.def)             Requested size: 578.15858pt x 433.61894pt.


Package pdfscreen Warning: No overlay specified
(pdfscreen)                output will have only background color on input line 1167.

[676]
Overfull \vbox (52.9944pt too high) has occurred while \output is active []



Package pdfscreen Warning: No overlay specified
(pdfscreen)                output will have only background color on input line 1167.

[677 <./fig/fig-fermielectron-masa-densidad.pdf>]

Package pdfscreen Warning: No overlay specified
(pdfscreen)                output will have only background color on input line 1171.

[678]

Package pdfscreen Warning: No overlay specified
(pdfscreen)                output will have only background color on input line 1178.

[679]

Package pdfscreen Warning: No overlay specified
(pdfscreen)                output will have only background color on input line 1183.

[680]
Overfull \hbox (0.81497pt too wide) in paragraph at lines 1189--1191
[]\OT1/cmss/m/sl/10.95 Radio\OT1/cmss/m/n/10.95 : Re-em-pla-zan-do $\OML/cmm/m/it/10.95 K$ \OT1/cmss/m/n/10.95 en [], te-ne-mos la si-guien-te re-la-ci^^Son radio-densidad
 []


Package pdfscreen Warning: No overlay specified
(pdfscreen)                output will have only background color on input line 1202.

[681]

Package pdfscreen Warning: No overlay specified
(pdfscreen)                output will have only background color on input line 1214.

[682]
Overfull \hbox (0.81497pt too wide) in paragraph at lines 1215--1216
[]\OT1/cmss/m/sl/10.95 Radio\OT1/cmss/m/n/10.95 : Re-em-pla-zan-do $\OML/cmm/m/it/10.95 K$ \OT1/cmss/m/n/10.95 en [], te-ne-mos la si-guien-te re-la-ci^^Son radio-densidad
 []


Package pdfscreen Warning: No overlay specified
(pdfscreen)                output will have only background color on input line 1225.

[683]

Package pdfscreen Warning: No overlay specified
(pdfscreen)                output will have only background color on input line 1236.

[684]

Package pdfscreen Warning: No overlay specified
(pdfscreen)                output will have only background color on input line 1246.

[685]
<fig/fig-fermineutron-masa-radio.pdf, id=20429, 578.16pt x 433.62pt>
File: fig/fig-fermineutron-masa-radio.pdf Graphic file (type pdf)
<use fig/fig-fermineutron-masa-radio.pdf>
Package pdftex.def Info: fig/fig-fermineutron-masa-radio.pdf  used on input line 1258.
(pdftex.def)             Requested size: 578.15858pt x 433.61894pt.


Package pdfscreen Warning: No overlay specified
(pdfscreen)                output will have only background color on input line 1261.

[686]
Overfull \vbox (66.5944pt too high) has occurred while \output is active []



Package pdfscreen Warning: No overlay specified
(pdfscreen)                output will have only background color on input line 1261.

[687 <./fig/fig-fermineutron-masa-radio.pdf>]
<fig/fig-fermineutron-masa-densidad.pdf, id=20491, 578.16pt x 433.62pt>
File: fig/fig-fermineutron-masa-densidad.pdf Graphic file (type pdf)
<use fig/fig-fermineutron-masa-densidad.pdf>
Package pdftex.def Info: fig/fig-fermineutron-masa-densidad.pdf  used on input line 1268.
(pdftex.def)             Requested size: 578.15858pt x 433.61894pt.


Package pdfscreen Warning: No overlay specified
(pdfscreen)                output will have only background color on input line 1271.

[688]
Overfull \vbox (52.9944pt too high) has occurred while \output is active []



Package pdfscreen Warning: No overlay specified
(pdfscreen)                output will have only background color on input line 1271.

[689 <./fig/fig-fermineutron-masa-densidad.pdf>]) (./cap-Estabilidad-Estelar-Relativista.tex

Package pdfscreen Warning: No overlay specified
(pdfscreen)                output will have only background color on input line 1.

[690]
Cap\'{\i }tulo 10.

Package pdfscreen Warning: No overlay specified
(pdfscreen)                output will have only background color on input line 3.

[691

]

Package pdfscreen Warning: No overlay specified
(pdfscreen)                output will have only background color on input line 10.

[692

]
Package marginnote Info: Margin note 717.1 is on absolute page 717 on input line 11.
Package marginnote Info: right page because not two side mode on input line 11.
Package marginnote Info: xpos seems to be 152.0078pt on input line 11.


Package pdfscreen Warning: No overlay specified
(pdfscreen)                output will have only background color on input line 26.

[693]
Package marginnote Info: Margin note 718.1 is on absolute page 719 on input line 39.
Package marginnote Info: right page because not two side mode on input line 39.
Package marginnote Info: xpos seems to be 59.22127pt on input line 39.


Package pdfscreen Warning: No overlay specified
(pdfscreen)                output will have only background color on input line 41.

[694]

Package pdfscreen Warning: No overlay specified
(pdfscreen)                output will have only background color on input line 51.

[695]

Package pdfscreen Warning: No overlay specified
(pdfscreen)                output will have only background color on input line 70.

[696]

Package pdfscreen Warning: No overlay specified
(pdfscreen)                output will have only background color on input line 86.

[697]

Package pdfscreen Warning: No overlay specified
(pdfscreen)                output will have only background color on input line 86.

[698]
Overfull \vbox (12.92848pt too high) has occurred while \output is active []



Package pdfscreen Warning: No overlay specified
(pdfscreen)                output will have only background color on input line 86.

[699]

Package pdfscreen Warning: No overlay specified
(pdfscreen)                output will have only background color on input line 102.

[700]

Package pdfscreen Warning: No overlay specified
(pdfscreen)                output will have only background color on input line 120.

[701]
Overfull \vbox (17.41917pt too high) has occurred while \output is active []



Package pdfscreen Warning: No overlay specified
(pdfscreen)                output will have only background color on input line 120.

[702]

Package pdfscreen Warning: No overlay specified
(pdfscreen)                output will have only background color on input line 137.

[703]
Overfull \vbox (19.35712pt too high) has occurred while \output is active []



Package pdfscreen Warning: No overlay specified
(pdfscreen)                output will have only background color on input line 137.

[704]
Package marginnote Info: Margin note 729.1 is on absolute page 730 on input line 148.
Package marginnote Info: right page because not two side mode on input line 148.
Package marginnote Info: xpos seems to be 44.61494pt on input line 148.


Package pdfscreen Warning: No overlay specified
(pdfscreen)                output will have only background color on input line 149.

[705]

Package pdfscreen Warning: No overlay specified
(pdfscreen)                output will have only background color on input line 157.

[706]

Package pdfscreen Warning: No overlay specified
(pdfscreen)                output will have only background color on input line 163.

[707]

Package pdfscreen Warning: No overlay specified
(pdfscreen)                output will have only background color on input line 173.

[708]

Package pdfscreen Warning: No overlay specified
(pdfscreen)                output will have only background color on input line 181.

[709]

Package pdfscreen Warning: No overlay specified
(pdfscreen)                output will have only background color on input line 193.

[710]

Package pdfscreen Warning: No overlay specified
(pdfscreen)                output will have only background color on input line 212.

[711]

Package pdfscreen Warning: No overlay specified
(pdfscreen)                output will have only background color on input line 215.

[712]
Package marginnote Info: right page because not two side mode on input line 225.
Package marginnote Info: xpos seems to be \@mn@currxpos  on input line 225.
Package marginnote Info: Margin note 737.2 is on absolute page 738 on input line 225.
Package marginnote Info: right page because not two side mode on input line 225.
Package marginnote Info: xpos seems to be 379.89293pt on input line 225.


Package pdfscreen Warning: No overlay specified
(pdfscreen)                output will have only background color on input line 225.

[713

]

Package pdfscreen Warning: No overlay specified
(pdfscreen)                output will have only background color on input line 233.

[714]

Package pdfscreen Warning: No overlay specified
(pdfscreen)                output will have only background color on input line 238.

[715]

Package pdfscreen Warning: No overlay specified
(pdfscreen)                output will have only background color on input line 248.

[716]

Package pdfscreen Warning: No overlay specified
(pdfscreen)                output will have only background color on input line 258.

[717]
Package marginnote Info: Margin note 742.1 is on absolute page 742 on input line 259.
Package marginnote Info: right page because not two side mode on input line 259.
Package marginnote Info: xpos seems to be 190.58095pt on input line 259.


Package pdfscreen Warning: No overlay specified
(pdfscreen)                output will have only background color on input line 264.

[718]

Package pdfscreen Warning: No overlay specified
(pdfscreen)                output will have only background color on input line 284.

[719

]

Package pdfscreen Warning: No overlay specified
(pdfscreen)                output will have only background color on input line 300.

[720]

Package pdfscreen Warning: No overlay specified
(pdfscreen)                output will have only background color on input line 313.

[721]

Package pdfscreen Warning: No overlay specified
(pdfscreen)                output will have only background color on input line 322.

[722]

Package pdfscreen Warning: No overlay specified
(pdfscreen)                output will have only background color on input line 327.

[723]

Package pdfscreen Warning: No overlay specified
(pdfscreen)                output will have only background color on input line 342.

[724]

Package pdfscreen Warning: No overlay specified
(pdfscreen)                output will have only background color on input line 346.

[725]

Package pdfscreen Warning: No overlay specified
(pdfscreen)                output will have only background color on input line 356.

[726]

Package pdfscreen Warning: No overlay specified
(pdfscreen)                output will have only background color on input line 376.

[727]
Underfull \hbox (badness 6078) in paragraph at lines 384--384
[]\OT1/cmr/m/n/9 Condici^^Son de
 []


Package pdfscreen Warning: No overlay specified
(pdfscreen)                output will have only background color on input line 387.

[728]
Package marginnote Info: Margin note 753.1 is on absolute page 753 on input line 391.
Package marginnote Info: right page because not two side mode on input line 391.
Package marginnote Info: xpos seems to be 18.06749pt on input line 391.


Package pdfscreen Warning: No overlay specified
(pdfscreen)                output will have only background color on input line 394.

[729]

Package pdfscreen Warning: No overlay specified
(pdfscreen)                output will have only background color on input line 401.

[730]

Package pdfscreen Warning: No overlay specified
(pdfscreen)                output will have only background color on input line 409.

[731

]

Package pdfscreen Warning: No overlay specified
(pdfscreen)                output will have only background color on input line 419.

[732]

Package pdfscreen Warning: No overlay specified
(pdfscreen)                output will have only background color on input line 424.

[733]

Package pdfscreen Warning: No overlay specified
(pdfscreen)                output will have only background color on input line 436.

[734]

Package pdfscreen Warning: No overlay specified
(pdfscreen)                output will have only background color on input line 446.

[735]

Package pdfscreen Warning: No overlay specified
(pdfscreen)                output will have only background color on input line 462.

[736]

Package pdfscreen Warning: No overlay specified
(pdfscreen)                output will have only background color on input line 471.

[737]

Package pdfscreen Warning: No overlay specified
(pdfscreen)                output will have only background color on input line 484.

[738]
<fig/fig-fermi-rel-t-x.pdf, id=21027, 578.16pt x 433.62pt>
File: fig/fig-fermi-rel-t-x.pdf Graphic file (type pdf)
<use fig/fig-fermi-rel-t-x.pdf>
Package pdftex.def Info: fig/fig-fermi-rel-t-x.pdf  used on input line 484.
(pdftex.def)             Requested size: 578.15858pt x 433.61894pt.

Overfull \hbox (1.39847pt too wide) in paragraph at lines 484--485
[][] 
 []

<fig/fig-fermi-rel-m-x.pdf, id=21028, 578.16pt x 433.62pt>
File: fig/fig-fermi-rel-m-x.pdf Graphic file (type pdf)
<use fig/fig-fermi-rel-m-x.pdf>
Package pdftex.def Info: fig/fig-fermi-rel-m-x.pdf  used on input line 486.
(pdftex.def)             Requested size: 578.15858pt x 433.61894pt.

Overfull \hbox (1.39847pt too wide) in paragraph at lines 486--487
[][] 
 []


Package pdfscreen Warning: No overlay specified
(pdfscreen)                output will have only background color on input line 491.

[739 <./fig/fig-fermi-rel-t-x.pdf> <./fig/fig-fermi-rel-m-x.pdf

pdfTeX warning: pdflatex (file ./fig/fig-fermi-rel-m-x.pdf): PDF inclusion: multiple pdfs with page group included in a single page
>]
<fig/fig-fermi-rel-masa-densidad.pdf, id=21117, 578.16pt x 433.62pt>
File: fig/fig-fermi-rel-masa-densidad.pdf Graphic file (type pdf)
<use fig/fig-fermi-rel-masa-densidad.pdf>
Package pdftex.def Info: fig/fig-fermi-rel-masa-densidad.pdf  used on input line 499.
(pdftex.def)             Requested size: 578.15858pt x 433.61894pt.


Package pdfscreen Warning: No overlay specified
(pdfscreen)                output will have only background color on input line 502.

[740]
Overfull \vbox (38.78607pt too high) has occurred while \output is active []



Package pdfscreen Warning: No overlay specified
(pdfscreen)                output will have only background color on input line 502.

[741 <./fig/fig-fermi-rel-masa-densidad.pdf>]
<fig/fig-fermi-rel-masa-radio.pdf, id=21179, 578.16pt x 433.62pt>
File: fig/fig-fermi-rel-masa-radio.pdf Graphic file (type pdf)
<use fig/fig-fermi-rel-masa-radio.pdf>
Package pdftex.def Info: fig/fig-fermi-rel-masa-radio.pdf  used on input line 510.
(pdftex.def)             Requested size: 578.15858pt x 433.61894pt.

Overfull \hbox (1.39847pt too wide) in paragraph at lines 510--511
[][] 
 []


Overfull \vbox (70.09491pt too high) has occurred while \output is active []


Overfull \vbox (70.09491pt too high) has occurred while \output is active []



Package pdfscreen Warning: No overlay specified
(pdfscreen)                output will have only background color on input line 511.

[742 <./fig/fig-fermi-rel-masa-radio.pdf>]
<fig/fig-fermi-rel-masa-radio-b.pdf, id=21242, 578.16pt x 433.62pt>
File: fig/fig-fermi-rel-masa-radio-b.pdf Graphic file (type pdf)
<use fig/fig-fermi-rel-masa-radio-b.pdf>
Package pdftex.def Info: fig/fig-fermi-rel-masa-radio-b.pdf  used on input line 512.
(pdftex.def)             Requested size: 578.15858pt x 433.61894pt.

Overfull \hbox (1.39847pt too wide) in paragraph at lines 512--513
[][] 
 []

) (./app-Kepler.tex

Package pdfscreen Warning: No overlay specified
(pdfscreen)                output will have only background color on input line 1.

[743 <./fig/fig-fermi-rel-masa-radio-b.pdf>]
Ap\'{e}ndice A.

Package pdfscreen Warning: No overlay specified
(pdfscreen)                output will have only background color on input line 6.

[744

]

Package pdfscreen Warning: No overlay specified
(pdfscreen)                output will have only background color on input line 21.

[745]

Package pdfscreen Warning: No overlay specified
(pdfscreen)                output will have only background color on input line 37.

[746]

Package pdfscreen Warning: No overlay specified
(pdfscreen)                output will have only background color on input line 55.

[747]

Package pdfscreen Warning: No overlay specified
(pdfscreen)                output will have only background color on input line 66.

[748]

Package pdfscreen Warning: No overlay specified
(pdfscreen)                output will have only background color on input line 82.

[749]

Package pdfscreen Warning: No overlay specified
(pdfscreen)                output will have only background color on input line 95.

[750]

Package pdfscreen Warning: No overlay specified
(pdfscreen)                output will have only background color on input line 107.

[751]

Package pdfscreen Warning: No overlay specified
(pdfscreen)                output will have only background color on input line 124.

[752]
<fig/fig-potencial-newtoniano.pdf, id=21384, 578.16pt x 361.35pt>
File: fig/fig-potencial-newtoniano.pdf Graphic file (type pdf)
<use fig/fig-potencial-newtoniano.pdf>
Package pdftex.def Info: fig/fig-potencial-newtoniano.pdf  used on input line 127.
(pdftex.def)             Requested size: 341.43306pt x 213.39314pt.


Package pdfscreen Warning: No overlay specified
(pdfscreen)                output will have only background color on input line 132.

[753]
Overfull \vbox (47.91231pt too high) has occurred while \output is active []



Package pdfscreen Warning: No overlay specified
(pdfscreen)                output will have only background color on input line 132.

[754 <./fig/fig-potencial-newtoniano.pdf>]

Package pdfscreen Warning: No overlay specified
(pdfscreen)                output will have only background color on input line 154.

[755]

Package pdfscreen Warning: No overlay specified
(pdfscreen)                output will have only background color on input line 173.

[756]

Package pdfscreen Warning: No overlay specified
(pdfscreen)                output will have only background color on input line 189.

[757]

Package pdfscreen Warning: No overlay specified
(pdfscreen)                output will have only background color on input line 198.

[758]

Package pdfscreen Warning: No overlay specified
(pdfscreen)                output will have only background color on input line 215.

[759]

Package pdfscreen Warning: No overlay specified
(pdfscreen)                output will have only background color on input line 227.

[760]

Package pdfscreen Warning: No overlay specified
(pdfscreen)                output will have only background color on input line 239.

[761]) (./app-termo-rel.tex

Package pdfscreen Warning: No overlay specified
(pdfscreen)                output will have only background color on input line 1.

[762]
Ap\'{e}ndice B.

Package pdfscreen Warning: No overlay specified
(pdfscreen)                output will have only background color on input line 2.

[763

]

Package pdfscreen Warning: No overlay specified
(pdfscreen)                output will have only background color on input line 17.

[764

]

Package pdfscreen Warning: No overlay specified
(pdfscreen)                output will have only background color on input line 33.

[765]

Package pdfscreen Warning: No overlay specified
(pdfscreen)                output will have only background color on input line 52.

[766]

Package pdfscreen Warning: No overlay specified
(pdfscreen)                output will have only background color on input line 68.

[767]

Package pdfscreen Warning: No overlay specified
(pdfscreen)                output will have only background color on input line 84.

[768

]

Package pdfscreen Warning: No overlay specified
(pdfscreen)                output will have only background color on input line 93.

[769]

Package pdfscreen Warning: No overlay specified
(pdfscreen)                output will have only background color on input line 99.

[770]

Package pdfscreen Warning: No overlay specified
(pdfscreen)                output will have only background color on input line 112.

[771

]
Package marginnote Info: Margin note 796.1 is on absolute page 796 on input line 113.
Package marginnote Info: right page because not two side mode on input line 113.
Package marginnote Info: xpos seems to be 172.54144pt on input line 113.
Package marginnote Info: Margin note 796.2 is on absolute page 797 on input line 125.
Package marginnote Info: right page because not two side mode on input line 125.
Package marginnote Info: xpos seems to be 110.93057pt on input line 125.


Package pdfscreen Warning: No overlay specified
(pdfscreen)                output will have only background color on input line 126.

[772]

Package pdfscreen Warning: No overlay specified
(pdfscreen)                output will have only background color on input line 131.

[773]

Package pdfscreen Warning: No overlay specified
(pdfscreen)                output will have only background color on input line 141.

[774

]

Package pdfscreen Warning: No overlay specified
(pdfscreen)                output will have only background color on input line 156.

[775]

Package pdfscreen Warning: No overlay specified
(pdfscreen)                output will have only background color on input line 167.

[776]

Package pdfscreen Warning: No overlay specified
(pdfscreen)                output will have only background color on input line 177.

[777]

Package pdfscreen Warning: No overlay specified
(pdfscreen)                output will have only background color on input line 186.

[778]

Package pdfscreen Warning: No overlay specified
(pdfscreen)                output will have only background color on input line 198.

[779]

Package pdfscreen Warning: No overlay specified
(pdfscreen)                output will have only background color on input line 214.

[780]

Package pdfscreen Warning: No overlay specified
(pdfscreen)                output will have only background color on input line 226.

[781]

Package pdfscreen Warning: No overlay specified
(pdfscreen)                output will have only background color on input line 237.

[782]

Package pdfscreen Warning: No overlay specified
(pdfscreen)                output will have only background color on input line 252.

[783]

Package pdfscreen Warning: No overlay specified
(pdfscreen)                output will have only background color on input line 259.

[784]

Package pdfscreen Warning: No overlay specified
(pdfscreen)                output will have only background color on input line 264.

[785]

Package pdfscreen Warning: No overlay specified
(pdfscreen)                output will have only background color on input line 274.

[786]
Overfull \hbox (67.88837pt too wide) detected at line 290
[]
 []


Package pdfscreen Warning: No overlay specified
(pdfscreen)                output will have only background color on input line 290.

[787]

Package pdfscreen Warning: No overlay specified
(pdfscreen)                output will have only background color on input line 301.

[788]

Package pdfscreen Warning: No overlay specified
(pdfscreen)                output will have only background color on input line 310.

[789]

Package pdfscreen Warning: No overlay specified
(pdfscreen)                output will have only background color on input line 321.

[790]

Package pdfscreen Warning: No overlay specified
(pdfscreen)                output will have only background color on input line 331.

[791]

Package pdfscreen Warning: No overlay specified
(pdfscreen)                output will have only background color on input line 343.

[792]

Package pdfscreen Warning: No overlay specified
(pdfscreen)                output will have only background color on input line 354.

[793]

Package pdfscreen Warning: No overlay specified
(pdfscreen)                output will have only background color on input line 361.

[794]

Package pdfscreen Warning: No overlay specified
(pdfscreen)                output will have only background color on input line 372.

[795]

Package pdfscreen Warning: No overlay specified
(pdfscreen)                output will have only background color on input line 379.

[796]

Package pdfscreen Warning: No overlay specified
(pdfscreen)                output will have only background color on input line 390.

[797]

Package pdfscreen Warning: No overlay specified
(pdfscreen)                output will have only background color on input line 395.

[798]) (./app-historia-estrellas.tex

Package pdfscreen Warning: No overlay specified
(pdfscreen)                output will have only background color on input line 1.

[799]

Package pdfscreen Warning: No overlay specified
(pdfscreen)                output will have only background color on input line 1.

[800]
Ap\'{e}ndice C.

Package pdfscreen Warning: No overlay specified
(pdfscreen)                output will have only background color on input line 5.

[801

]
Overfull \vbox (16.39pt too high) has occurred while \output is active []



Package pdfscreen Warning: No overlay specified
(pdfscreen)                output will have only background color on input line 5.

[802]

Package pdfscreen Warning: No overlay specified
(pdfscreen)                output will have only background color on input line 9.

[803]

Package pdfscreen Warning: No overlay specified
(pdfscreen)                output will have only background color on input line 14.

[804]

Package pdfscreen Warning: No overlay specified
(pdfscreen)                output will have only background color on input line 18.

[805]

Package pdfscreen Warning: No overlay specified
(pdfscreen)                output will have only background color on input line 22.

[806]) (./app-constantes.tex

Package pdfscreen Warning: No overlay specified
(pdfscreen)                output will have only background color on input line 1.

[807]
Ap\'{e}ndice D.

Overfull \hbox (25.35275pt too wide) in paragraph at lines 3--54
 [] 
 []


Package pdfscreen Warning: No overlay specified
(pdfscreen)                output will have only background color on input line 54.

[808

]
Overfull \vbox (204.00984pt too high) has occurred while \output is active []



Package pdfscreen Warning: No overlay specified
(pdfscreen)                output will have only background color on input line 54.

[809]) (./Bibliografia.tex

Package pdfscreen Warning: No overlay specified
(pdfscreen)                output will have only background color on input line 12.

[810

]

Package pdfscreen Warning: No overlay specified
(pdfscreen)                output will have only background color on input line 26.

[811]

Package pdfscreen Warning: No overlay specified
(pdfscreen)                output will have only background color on input line 40.

[812]

Package pdfscreen Warning: No overlay specified
(pdfscreen)                output will have only background color on input line 53.

[813]

Package pdfscreen Warning: No overlay specified
(pdfscreen)                output will have only background color on input line 69.

[814]

Package pdfscreen Warning: No overlay specified
(pdfscreen)                output will have only background color on input line 80.

[815]

Package pdfscreen Warning: No overlay specified
(pdfscreen)                output will have only background color on input line 94.

[816]

Package pdfscreen Warning: No overlay specified
(pdfscreen)                output will have only background color on input line 120.

[817]

Package pdfscreen Warning: No overlay specified
(pdfscreen)                output will have only background color on input line 137.

[818]

Package pdfscreen Warning: No overlay specified
(pdfscreen)                output will have only background color on input line 150.

[819]

Package pdfscreen Warning: No overlay specified
(pdfscreen)                output will have only background color on input line 165.

[820]

Package pdfscreen Warning: No overlay specified
(pdfscreen)                output will have only background color on input line 175.

[821])

Package pdfscreen Warning: No overlay specified
(pdfscreen)                output will have only background color on input line 125.

[822] (./RG-slides.aux
LaTeX Info: Redefining \. on input line 11.
LaTeX Info: Redefining \% on input line 11.
)
 ***********
LaTeX2e <2023-11-01> patch level 1
L3 programming layer <2024-01-22>
 ***********


LaTeX Font Warning: Some font shapes were not available, defaults substituted.


LaTeX Warning: There were undefined references.

Package rerunfilecheck Info: File `RG-slides.out' has not changed.
(rerunfilecheck)             Checksum: 5F30E88481926D9AABB126C854D8C6F8;58243.
 ) 
Here is how much of TeX's memory you used:
 26923 strings out of 476006
 481028 string characters out of 5791059
 1950975 words of memory out of 5000000
 45601 multiletter control sequences out of 15000+600000
 576471 words of font info for 105 fonts, out of 8000000 for 9000
 107 hyphenation exceptions out of 8191
 101i,26n,107p,1765b,780s stack positions out of 10000i,1000n,20000p,200000b,200000s
</usr/share/texlive/texmf-dist/fonts/type1/public/amsfonts/cm/cmbx10.pfb></usr/share/texlive/texmf-dist/fonts/type1/public/amsfonts/cm/cmbx12.pfb></usr/share/texlive/texmf-dist/fonts/type1/public/amsfonts/cm/cmbx8.pfb></usr/share/texlive/texmf-dist/fonts/type1/public/amsfonts/cm/cmbx9.pfb></usr/share/texlive/texmf-dist/fonts/type1/public/amsfonts/cm/cmex10.pfb></usr/share/texlive/texmf-dist/fonts/type1/public/amsfonts/cmextra/cmex9.pfb></usr/share/texlive/texmf-dist/fonts/type1/public/amsfonts/cm/cmmi10.pfb></usr/share/texlive/texmf-dist/fonts/type1/public/amsfonts/cm/cmmi12.pfb></usr/share/texlive/texmf-dist/fonts/type1/public/amsfonts/cm/cmmi5.pfb></usr/share/texlive/texmf-dist/fonts/type1/public/amsfonts/cm/cmmi6.pfb></usr/share/texlive/texmf-dist/fonts/type1/public/amsfonts/cm/cmmi8.pfb></usr/share/texlive/texmf-dist/fonts/type1/public/amsfonts/cm/cmmi9.pfb></usr/share/texlive/texmf-dist/fonts/type1/public/amsfonts/cm/cmr10.pfb></usr/share/texlive/texmf-dist/fonts/type1/public/amsfonts/cm/cmr12.pfb></usr/share/texlive/texmf-dist/fonts/type1/public/amsfonts/cm/cmr5.pfb></usr/share/texlive/texmf-dist/fonts/type1/public/amsfonts/cm/cmr6.pfb></usr/share/texlive/texmf-dist/fonts/type1/public/amsfonts/cm/cmr8.pfb></usr/share/texlive/texmf-dist/fonts/type1/public/amsfonts/cm/cmr9.pfb></usr/share/texlive/texmf-dist/fonts/type1/public/amsfonts/cm/cmss10.pfb></usr/share/texlive/texmf-dist/fonts/type1/public/amsfonts/cm/cmss8.pfb></usr/share/texlive/texmf-dist/fonts/type1/public/amsfonts/cm/cmssbx10.pfb></usr/share/texlive/texmf-dist/fonts/type1/public/amsfonts/cm/cmssi10.pfb></usr/share/texlive/texmf-dist/fonts/type1/public/amsfonts/cm/cmsy10.pfb></usr/share/texlive/texmf-dist/fonts/type1/public/amsfonts/cm/cmsy5.pfb></usr/share/texlive/texmf-dist/fonts/type1/public/amsfonts/cm/cmsy6.pfb></usr/share/texlive/texmf-dist/fonts/type1/public/amsfonts/cm/cmsy8.pfb></usr/share/texlive/texmf-dist/fonts/type1/public/amsfonts/cm/cmsy9.pfb></usr/share/texlive/texmf-dist/fonts/type1/public/amsfonts/cm/cmti9.pfb></usr/share/texlive/texmf-dist/fonts/type1/public/amsfonts/cm/cmtt10.pfb></usr/share/texlive/texmf-dist/fonts/type1/public/amsfonts/cm/cmtt9.pfb></usr/share/texlive/texmf-dist/fonts/type1/public/amsfonts/latxfont/line10.pfb></usr/share/texlive/texmf-dist/fonts/type1/public/amsfonts/symbols/msam10.pfb></usr/share/texlive/texmf-dist/fonts/type1/public/amsfonts/symbols/msbm10.pfb>
Output written on RG-slides.pdf (844 pages, 7800071 bytes).
PDF statistics:
 22779 PDF objects out of 26593 (max. 8388607)
 9432 compressed objects within 95 object streams
 2928 named destinations out of 2984 (max. 500000)
 2341 words of extra memory for PDF output out of 10000 (max. 10000000)

